character,stroke_count
一,1
乙,1
丨,1
丶,1
丿,1
乀,1
乁,1
乚,1
乛,1
亅,1
𠃉,1
𠃊,1
𠃋,1
𠃌,1
𠃍,1
𠃎,1
𠃑,1
𠄌,1
了,2
人,2
力,2
十,2
又,2
二,2
儿,2
入,2
几,2
九,2
八,2
七,2
厂,2
刀,2
乃,2
丁,2
卜,2
匕,2
刁,2
乜,2
匚,2
㐅,2
丂,2
丄,2
丅,2
丆,2
丩,2
丷,2
乂,2
乄,2
亠,2
亻,2
冂,2
冖,2
冫,2
凵,2
刂,2
勹,2
匸,2
卩,2
厶,2
巜,2
廴,2
讠,2
阝,2
力,2
了,2
𠀀,2
𠀁,2
𠀂,2
𠁡,2
𠁢,2
𠂆,2
𠂇,2
𠂈,2
𠂉,2
𠂊,2
𠃏,2
𠃐,2
𠄍,2
𠄎,2
𠄏,2
𠄐,2
𠄞,2
𠄟,2
𠄠,2
𠆢,2
𠘧,2
𠘨,2
𠙴,2
𠚣,2
𠤎,2
𠤬,2
𨙨,2
𨸏,2
龴,2
𪜊,2
个,3
上,3
大,3
也,3
子,3
于,3
下,3
之,3
么,3
小,3
与,3
已,3
工,3
三,3
己,3
门,3
及,3
义,3
口,3
女,3
才,3
山,3
马,3
万,3
飞,3
干,3
士,3
广,3
土,3
千,3
久,3
卫,3
习,3
乡,3
亡,3
凡,3
亿,3
川,3
丈,3
尸,3
亏,3
寸,3
夕,3
弓,3
叉,3
巾,3
乞,3
丸,3
丫,3
刃,3
兀,3
勺,3
巳,3
弋,3
幺,3
孑,3
乇,3
孓,3
尢,3
彡,3
巛,3
㐃,3
㐄,3
㐇,3
㐈,3
㐉,3
㔾,3
㔿,3
丌,3
丬,3
乆,3
乊,3
亇,3
亍,3
亐,3
亼,3
亽,3
亾,3
兦,3
凢,3
凣,3
刄,3
劜,3
卂,3
卄,3
卪,3
囗,3
夂,3
夊,3
夨,3
孒,3
宀,3
屮,3
廾,3
彐,3
彑,3
彳,3
忄,3
扌,3
氵,3
犭,3
纟,3
艹,3
辶,3
饣,3
女,3
兀,3
𠀃,3
𠀄,3
𠀅,3
𠀆,3
𠁼,3
𠁽,3
𠂋,3
𠂌,3
𠂍,3
𠂎,3
𠃒,3
𠃓,3
𠃔,3
𠄑,3
𠆣,3
𠆤,3
𠆥,3
𠓛,3
𠔀,3
𠔇,3
𠔼,3
𠖬,3
𠙵,3
𠚤,3
𠠲,3
𠧒,3
𠫓,3
𠫔,3
𠫕,3
𠫖,3
𡕒,3
𡤼,3
𡭔,3
𡯁,3
𡯂,3
𡰣,3
𡳾,3
𡿦,3
𡿨,3
𢌬,3
𢍺,3
𢎗,3
𢎘,3
𢖩,3
𣱱,3
龵,3
𪜀,3
𪜁,3
𪟨,3
𫝀,3
𫝄,3
不,4
中,4
为,4
以,4
方,4
天,4
分,4
心,4
开,4
从,4
日,4
无,4
长,4
公,4
手,4
文,4
见,4
什,4
月,4
内,4
化,4
比,4
水,4
认,4
气,4
少,4
反,4
太,4
计,4
区,4
队,4
五,4
书,4
王,4
今,4
切,4
风,4
车,4
办,4
元,4
夫,4
火,4
支,4
片,4
六,4
引,4
历,4
专,4
仅,4
巴,4
斗,4
双,4
父,4
友,4
止,4
仍,4
毛,4
云,4
木,4
艺,4
户,4
互,4
介,4
升,4
巨,4
予,4
牙,4
午,4
牛,4
尤,4
贝,4
订,4
币,4
丰,4
瓦,4
厅,4
乌,4
丹,4
孔,4
忆,4
仁,4
凶,4
乏,4
扎,4
幻,4
井,4
允,4
尺,4
氏,4
凤,4
仇,4
劝,4
邓,4
曰,4
韦,4
戈,4
仆,4
斤,4
仓,4
丑,4
匹,4
欠,4
勾,4
冈,4
仑,4
爪,4
厄,4
勿,4
丐,4
犬,4
匀,4
兮,4
屯,4
毋,4
尹,4
歹,4
讥,4
夭,4
亢,4
廿,4
冗,4
壬,4
卅,4
闩,4
仄,4
卞,4
讣,4
爻,4
刈,4
仃,4
亓,4
肀,4
攵,4
殳,4
攴,4
仂,4
仉,4
㐊,4
㐋,4
㐧,4
㓀,4
㓁,4
㓅,4
㔫,4
㔹,4
㕕,4
㕚,4
㕛,4
㝉,4
㞢,4
㠪,4
㢧,4
㲸,4
㸦,4
丏,4
丒,4
丮,4
丯,4
乢,4
乣,4
乤,4
乥,4
亖,4
亣,4
仈,4
仌,4
仏,4
仐,4
仒,4
兂,4
內,4
兯,4
冃,4
冄,4
円,4
冇,4
冘,4
刅,4
勻,4
勼,4
勽,4
匁,4
匂,4
卆,4
卍,4
卐,4
卝,4
卬,4
厃,4
厷,4
厸,4
厹,4
収,4
圠,4
圡,4
夃,4
夬,4
尐,4
尣,4
屲,4
巿,4
帀,4
弌,4
弔,4
弖,4
戶,4
戸,4
旡,4
朩,4
毌,4
灬,4
爫,4
爿,4
牜,4
礻,4
禸,4
罓,4
耂,4
辷,4
邒,4
阞,4
丹,4
不,4
六,4
什,4
切,4
𠀇,4
𠀈,4
𠀉,4
𠀊,4
𠀋,4
𠀌,4
𠁣,4
𠁾,4
𠁿,4
𠂏,4
𠂐,4
𠂑,4
𠂒,4
𠂓,4
𠃕,4
𠃖,4
𠃗,4
𠃘,4
𠃙,4
𠃚,4
𠃛,4
𠃜,4
𠃝,4
𠄒,4
𠄓,4
𠄔,4
𠄡,4
𠅁,4
𠆦,4
𠆧,4
𠆨,4
𠑶,4
𠓜,4
𠓝,4
𠓞,4
𠔁,4
𠔂,4
𠔃,4
𠔄,4
𠔽,4
𠔾,4
𠔿,4
𠕀,4
𠕳,4
𠕴,4
𠖭,4
𠘩,4
𠘪,4
𠘫,4
𠘬,4
𠘭,4
𠘮,4
𠘯,4
𠘰,4
𠙶,4
𠙷,4
𠙸,4
𠚥,4
𠚦,4
𠚧,4
𠚨,4
𠚩,4
𠚪,4
𠚫,4
𠚬,4
𠠳,4
𠠴,4
𠠵,4
𠣌,4
𠤏,4
𠤭,4
𠥭,4
𠥻,4
𠥼,4
𠥿,4
𠨍,4
𠨎,4
𠨏,4
𠨐,4
𠨬,4
𠫗,4
𠫘,4
𠬚,4
𠬛,4
𠬜,4
𠬝,4
𠬞,4
𠬟,4
𠬠,4
𠮙,4
𠮚,4
𠮛,4
𠮜,4
𠮝,4
𠮞,4
𡆠,4
𡆡,4
𡆢,4
𡈼,4
𡈽,4
𡈾,4
𡗒,4
𡗓,4
𡗔,4
𡗜,4
𡚦,4
𡤽,4
𡦹,4
𡬝,4
𡭕,4
𡭖,4
𡯃,4
𡴭,4
𡴮,4
𡴯,4
𡿧,4
𢀑,4
𢀒,4
𢀓,4
𢀔,4
𢀕,4
𢀳,4
𢆯,4
𢆰,4
𢆱,4
𢌗,4
𢌭,4
𢍻,4
𢍼,4
𢎙,4
𢎚,4
𢎛,4
𢎜,4
𢎝,4
𢎞,4
𢎟,4
𢎠,4
𢎡,4
𢒼,4
𢒽,4
𢖪,4
𢩥,4
𢩦,4
𢩧,4
𣁬,4
𣂑,4
𣎳,4
𣎴,4
𣥂,4
𣦵,4
𣦶,4
𣫬,4
𣬛,4
𣱲,4
𣱳,4
𣱴,4
𤓯,4
𤓰,4
𤕪,4
𤜚,4
𤣩,4
𥘅,4
𨙩,4
𨙪,4
𨸐,4
𨸑,4
𨸒,4
𨸓,4
𨸔,4
𨸕,4
龰,4
龶,4
𪜂,4
𪜈,4
𪜧,4
𪟽,4
𪠣,4
𪠤,4
𪥁,4
𫄙,4
𫐞,4
他,5
们,5
出,5
可,5
对,5
生,5
发,5
用,5
去,5
主,5
本,5
只,5
它,5
民,5
正,5
业,5
外,5
由,5
头,5
加,5
代,5
世,5
东,5
立,5
处,5
平,5
尔,5
打,5
四,5
电,5
目,5
务,5
必,5
市,5
司,5
白,5
且,5
记,5
北,5
边,5
术,5
让,5
议,5
失,5
令,5
布,5
未,5
叫,5
台,5
击,5
石,5
示,5
写,5
功,5
包,5
史,5
乎,5
号,5
另,5
古,5
半,5
节,5
母,5
乐,5
印,5
兰,5
尼,5
龙,5
句,5
汉,5
卡,5
占,5
皮,5
犯,5
田,5
左,5
右,5
央,5
付,5
讨,5
永,5
旧,5
叶,5
礼,5
归,5
灭,5
圣,5
玉,5
宁,5
训,5
丝,5
兄,5
甲,5
申,5
闪,5
末,5
汇,5
召,5
巧,5
讯,5
刊,5
仙,5
弗,5
鸟,5
奶,5
仪,5
艾,5
叹,5
旦,5
厉,5
冬,5
奴,5
甘,5
矛,5
扑,5
册,5
仔,5
幼,5
匆,5
丛,5
卢,5
仗,5
玄,5
冯,5
纠,5
瓜,5
斥,5
帅,5
扔,5
丘,5
穴,5
辽,5
孕,5
饥,5
汁,5
囚,5
甩,5
叮,5
弘,5
丙,5
叭,5
矢,5
叨,5
凸,5
凹,5
叩,5
乍,5
仕,5
冉,5
扒,5
汀,5
叱,5
叽,5
札,5
轧,5
卉,5
驭,5
禾,5
讪,5
戊,5
叼,5
丕,5
皿,5
卯,5
邙,5
匝,5
叵,5
氐,5
刍,5
讫,5
弁,5
夯,5
艿,5
邝,5
仨,5
邛,5
阡,5
讦,5
讧,5
卟,5
卮,5
仟,5
仞,5
宄,5
钅,5
劢,5
艽,5
庀,5
仫,5
仡,5
尕,5
尻,5
叻,5
忉,5
戋,5
犰,5
邗,5
仝,5
辻,5
氕,5
讬,5
込,5
讱,5
邘,5
肊,5
阢,5
阤,5
饤,5
艼,5
邔,5
㐀,5
㐌,5
㐍,5
㐎,5
㐏,5
㐰,5
㐱,5
㐲,5
㐳,5
㐴,5
㐵,5
㐶,5
㐷,5
㒰,5
㒱,5
㓚,5
㓛,5
㓜,5
㔓,5
㕣,5
㕤,5
㕥,5
㘝,5
㘞,5
㘦,5
㚈,5
㚎,5
㚢,5
㝊,5
㝋,5
㝳,5
㞋,5
㞤,5
㞥,5
㞦,5
㞧,5
㠯,5
㠲,5
㠳,5
㣔,5
㣺,5
㧃,5
㧄,5
㧅,5
㲹,5
㲺,5
㲼,5
䍏,5
䢳,5
䦹,5
䦺,5
丗,5
丱,5
丼,5
乧,5
亗,5
仚,5
仛,5
仜,5
仠,5
仢,5
仦,5
仧,5
仩,5
仭,5
仺,5
伋,5
冊,5
冋,5
冎,5
冚,5
冭,5
冮,5
凥,5
処,5
凧,5
凷,5
刉,5
刋,5
刌,5
匃,5
匄,5
匇,5
匛,5
匜,5
匞,5
卌,5
卭,5
厇,5
厈,5
厺,5
厼,5
叏,5
叐,5
叧,5
叴,5
叺,5
叾,5
囘,5
囙,5
囜,5
圢,5
圤,5
圥,5
圦,5
圧,5
壭,5
夗,5
夘,5
夰,5
夲,5
夳,5
奵,5
宂,5
尒,5
尓,5
屳,5
屴,5
屵,5
屶,5
屷,5
帄,5
庁,5
庂,5
広,5
廵,5
弍,5
忇,5
忊,5
戉,5
戹,5
扏,5
扐,5
払,5
扖,5
曱,5
朮,5
朰,5
歺,5
氶,5
氷,5
氹,5
氺,5
氻,5
氾,5
氿,5
汃,5
汄,5
汅,5
汈,5
犮,5
玊,5
玌,5
玍,5
甴,5
疋,5
疒,5
癶,5
罒,5
艻,5
芀,5
芁,5
衤,5
辸,5
辺,5
邖,5
邚,5
邜,5
阠,5
阣,5
句,5
北,5
令,5
立,5
𠀍,5
𠀎,5
𠀏,5
𠀐,5
𠀑,5
𠀒,5
𠀓,5
𠀔,5
𠀕,5
𠀖,5
𠀗,5
𠁤,5
𠁥,5
𠂀,5
𠂁,5
𠂔,5
𠂕,5
𠂖,5
𠂗,5
𠂘,5
𠂙,5
𠂚,5
𠂛,5
𠂜,5
𠂝,5
𠂞,5
𠂟,5
𠂠,5
𠂡,5
𠃞,5
𠃟,5
𠃠,5
𠃡,5
𠃢,5
𠃣,5
𠅂,5
𠆩,5
𠆪,5
𠆫,5
𠆬,5
𠆭,5
𠆮,5
𠆯,5
𠆰,5
𠆱,5
𠆲,5
𠆳,5
𠑷,5
𠑸,5
𠓟,5
𠔅,5
𠔆,5
𠕁,5
𠕂,5
𠕃,5
𠕄,5
𠕅,5
𠕆,5
𠕇,5
𠕈,5
𠕉,5
𠕊,5
𠕵,5
𠕶,5
𠕷,5
𠕸,5
𠖮,5
𠖯,5
𠖰,5
𠘱,5
𠘲,5
𠘳,5
𠘴,5
𠙹,5
𠙺,5
𠙻,5
𠙼,5
𠙽,5
𠚭,5
𠚮,5
𠚯,5
𠚰,5
𠚱,5
𠚲,5
𠚳,5
𠚴,5
𠚶,5
𠚻,5
𠠶,5
𠠷,5
𠠸,5
𠣍,5
𠣎,5
𠣏,5
𠣐,5
𠤐,5
𠥽,5
𠥾,5
𠦀,5
𠦁,5
𠧓,5
𠨑,5
𠨭,5
𠨮,5
𠨯,5
𠨰,5
𠨱,5
𠨲,5
𠨳,5
𠫙,5
𠫚,5
𠫛,5
𠫜,5
𠫝,5
𠬡,5
𠬢,5
𠬣,5
𠬤,5
𠬥,5
𠬦,5
𠬧,5
𠬨,5
𠮟,5
𠮠,5
𠮡,5
𠮢,5
𠮣,5
𠮤,5
𠮥,5
𠮦,5
𠮧,5
𠮨,5
𠮩,5
𠮪,5
𡆣,5
𡆤,5
𡆥,5
𡆦,5
𡈿,5
𡉀,5
𡉁,5
𡉂,5
𡉃,5
𡉄,5
𡉅,5
𡉆,5
𡉇,5
𡔛,5
𡕓,5
𡕔,5
𡖄,5
𡖅,5
𡖆,5
𡗕,5
𡗖,5
𡗗,5
𡗘,5
𡗙,5
𡗚,5
𡗛,5
𡚧,5
𡚨,5
𡚩,5
𡚪,5
𡚫,5
𡚬,5
𡚭,5
𡤾,5
𡤿,5
𡥀,5
𡥁,5
𡥂,5
𡦺,5
𡦻,5
𡦼,5
𡭗,5
𡭘,5
𡯄,5
𡯅,5
𡯆,5
𡯇,5
𡯈,5
𡯉,5
𡯊,5
𡰤,5
𡰥,5
𡰦,5
𡰧,5
𡰨,5
𡰴,5
𡳿,5
𡴰,5
𡴱,5
𡴲,5
𡴳,5
𡴴,5
𡴵,5
𡴶,5
𡴷,5
𡴸,5
𡴹,5
𡴺,5
𡴻,5
𡴼,5
𡴽,5
𢀖,5
𢀗,5
𢀘,5
𢀙,5
𢀴,5
𢀵,5
𢁒,5
𢁓,5
𢁔,5
𢆉,5
𢆲,5
𢆳,5
𢆴,5
𢆵,5
𢌘,5
𢌙,5
𢌚,5
𢌮,5
𢌯,5
𢎢,5
𢎣,5
𢎤,5
𢎥,5
𢎦,5
𢎧,5
𢎨,5
𢎩,5
𢎪,5
𢒀,5
𢒁,5
𢒂,5
𢒾,5
𢒿,5
𢖫,5
𢖬,5
𢖭,5
𢖮,5
𢖯,5
𢖰,5
𢖱,5
𢦌,5
𢦍,5
𢨤,5
𢨥,5
𢩨,5
𢩩,5
𢩪,5
𢩫,5
𢩬,5
𣄻,5
𣄼,5
𣄽,5
𣍝,5
𣎵,5
𣎶,5
𣎷,5
𣥃,5
𣥄,5
𣦷,5
𣱵,5
𣱶,5
𣱷,5
𣱸,5
𣱹,5
𣱺,5
𣱻,5
𣱼,5
𣱽,5
𣱾,5
𣱿,5
𤆂,5
𤓱,5
𤕜,5
𤕫,5
𤕬,5
𤖨,5
𤘔,5
𤜛,5
𤜜,5
𤜝,5
𤜞,5
𤜟,5
𤜠,5
𤣥,5
𤮺,5
𤯓,5
𤰒,5
𤴓,5
𤴔,5
𥘆,5
𥜻,5
𥝌,5
𥤢,5
𦉪,5
𦉫,5
𦉭,5
𦉰,5
𦫳,5
𦫴,5
𦫵,5
𧘇,5
𨑍,5
𨑎,5
𨑏,5
𨑐,5
𨙫,5
𨙬,5
𨙭,5
𨙮,5
𨙯,5
𨙰,5
𨙱,5
𨙲,5
𨙳,5
𨙴,5
𨙵,5
𨸖,5
𨸗,5
𨸘,5
𨸙,5
𪞶,5
𪩲,5
𫍙,5
龱,5
龷,5
龸,5
𪜐,5
𪜠,5
𪜡,5
𪞖,5
𪠃,5
𪠲,5
𪢱,5
𪢲,5
𪥂,5
𪪬,5
𪫝,5
𪭉,5
𪵖,5
𪵨,5
𪸍,5
𫑗,5
𫔺,5
𫝆,5
𫞕,5
𫟧,5
在,6
有,6
地,6
会,6
而,6
那,6
自,6
年,6
过,6
后,6
行,6
成,6
多,6
如,6
同,6
当,6
动,6
好,6
她,6
因,6
军,6
机,6
此,6
全,6
关,6
问,6
并,6
向,6
产,6
西,6
合,6
回,6
老,6
次,6
任,6
先,6
名,6
论,6
各,6
安,6
再,6
场,6
件,6
许,6
至,6
决,6
则,6
达,6
光,6
权,6
设,6
式,6
色,6
死,6
交,6
共,6
传,6
师,6
观,6
导,6
争,6
收,6
存,6
字,6
团,6
百,6
价,6
华,6
级,6
亚,6
约,6
似,6
企,6
吗,6
早,6
农,6
吃,6
尽,6
考,6
列,6
红,6
众,6
划,6
兴,6
防,6
讲,6
米,6
江,6
纪,6
杀,6
网,6
刚,6
创,6
阳,6
血,6
伤,6
欢,6
充,6
负,6
冲,6
异,6
州,6
衣,6
协,6
阶,6
妈,6
刘,6
压,6
买,6
伊,6
执,6
岁,6
优,6
份,6
阵,6
守,6
托,6
危,6
忙,6
杂,6
吉,6
亦,6
耳,6
吸,6
妇,6
寻,6
伦,6
阴,6
孙,6
爷,6
肉,6
庄,6
戏,6
访,6
伙,6
扩,6
齐,6
曲,6
冰,6
休,6
扬,6
刑,6
迅,6
毕,6
延,6
伟,6
灯,6
朱,6
页,6
臣,6
宇,6
夺,6
仿,6
闭,6
庆,6
虫,6
灰,6
尖,6
羊,6
邦,6
仰,6
伏,6
污,6
壮,6
扫,6
吓,6
伍,6
乔,6
汗,6
邪,6
巡,6
伪,6
朵,6
竹,6
汤,6
扣,6
廷,6
迁,6
厌,6
丢,6
吐,6
旨,6
迈,6
仲,6
池,6
吕,6
尘,6
岂,6
夹,6
伐,6
宅,6
讼,6
羽,6
轨,6
寺,6
劣,6
肌,6
夸,6
舌,6
奸,6
吊,6
朴,6
妄,6
驰,6
纤,6
玑,6
匠,6
闯,6
圳,6
吁,6
芝,6
讶,6
伞,6
舟,6
兆,6
芒,6
吏,6
讽,6
旬,6
夷,6
贞,6
巩,6
帆,6
匈,6
朽,6
汝,6
迄,6
妃,6
圾,6
屿,6
妆,6
驯,6
旭,6
诀,6
牟,6
讳,6
迂,6
扛,6
忖,6
忏,6
亥,6
戎,6
阮,6
阱,6
匡,6
尧,6
肋,6
伎,6
丞,6
伢,6
弛,6
曳,6
汲,6
邢,6
驮,6
乒,6
祁,6
乓,6
聿,6
圭,6
吆,6
阪,6
氖,6
汛,6
戍,6
讹,6
屹,6
亘,6
汕,6
讷,6
戌,6
臼,6
伫,6
圪,6
纫,6
汐,6
岌,6
芋,6
圩,6
夙,6
纣,6
芍,6
扪,6
艮,6
乩,6
犷,6
舛,6
囡,6
讴,6
纥,6
芨,6
伉,6
饧,6
牝,6
刎,6
芏,6
芎,6
芄,6
芗,6
囟,6
邬,6
凫,6
旯,6
讵,6
氘,6
旮,6
汊,6
纡,6
吒,6
缶,6
纨,6
圮,6
刖,6
凼,6
佤,6
厍,6
邨,6
伥,6
闫,6
芊,6
伧,6
耒,6
扦,6
汜,6
犸,6
尥,6
芑,6
钇,6
玎,6
伛,6
吖,6
妁,6
仵,6
囝,6
氽,6
犴,6
钆,6
圯,6
圹,6
邠,6
阯,6
夼,6
纩,6
汔,6
阨,6
汆,6
邡,6
圬,6
仳,6
贠,6
芖,6
芃,6
屺,6
迆,6
冱,6
礽,6
穵,6
肍,6
艸,6
襾,6
邥,6
㐁,6
㐂,6
㐆,6
㐐,6
㐑,6
㐒,6
㐓,6
㐔,6
㐕,6
㐪,6
㐫,6
㐸,6
㐹,6
㐺,6
㐻,6
㐼,6
㐽,6
㐾,6
㐿,6
㑀,6
㒫,6
㒲,6
㓆,6
㓇,6
㓙,6
㓝,6
㓞,6
㔔,6
㔕,6
㔖,6
㔺,6
㔻,6
㕂,6
㕃,6
㕄,6
㕜,6
㕦,6
㕧,6
㕨,6
㘟,6
㚏,6
㚐,6
㚑,6
㚣,6
㚤,6
㚥,6
㚦,6
㚧,6
㚨,6
㜽,6
㝌,6
㝍,6
㝼,6
㞌,6
㞍,6
㞨,6
㞩,6
㞪,6
㞫,6
㞬,6
㞭,6
㞮,6
㞯,6
㠩,6
㠴,6
㠵,6
㠶,6
㡯,6
㡰,6
㡱,6
㢟,6
㢨,6
㢩,6
㢪,6
㢫,6
㣉,6
㣕,6
㣻,6
㣼,6
㣾,6
㣿,6
㧆,6
㧇,6
㧈,6
㪲,6
㪳,6
㫃,6
㫐,6
㫑,6
㬰,6
㭁,6
㱏,6
㱙,6
㲌,6
㲻,6
㲽,6
㲿,6
㶡,6
㶢,6
㸨,6
㺨,6
㺩,6
㺪,6
㺫,6
䂖,6
䇂,6
䏌,6
䏍,6
䒑,6
䢴,6
䦻,6
丟,6
丠,6
両,6
乑,6
乨,6
乪,6
乫,6
乬,6
乭,6
乮,6
乯,6
亙,6
仮,6
仯,6
仱,6
仴,6
仸,6
仹,6
仼,6
仾,6
伀,6
伂,6
伃,6
伄,6
伅,6
伆,6
伇,6
伈,6
伌,6
伒,6
伓,6
伔,6
伕,6
伖,6
伜,6
伝,6
伡,6
伣,6
伨,6
伩,6
伬,6
佢,6
兇,6
兊,6
兲,6
冴,6
凨,6
凩,6
凪,6
刏,6
刐,6
刓,6
刔,6
刕,6
劤,6
劥,6
劦,6
劧,6
匟,6
匢,6
卋,6
厊,6
厽,6
厾,6
叒,6
叿,6
吀,6
吂,6
吅,6
吇,6
吋,6
吔,6
団,6
圫,6
圱,6
圲,6
圴,6
圵,6
圶,6
圷,6
圸,6
夅,6
夛,6
夵,6
夶,6
夻,6
奷,6
奺,6
奻,6
奼,6
奾,6
奿,6
妀,6
妅,6
孖,6
宆,6
尗,6
屰,6
屸,6
屻,6
屼,6
屽,6
屾,6
岀,6
岃,6
岋,6
巟,6
巪,6
帇,6
幵,6
庅,6
弎,6
弐,6
弙,6
弚,6
弜,6
彴,6
彵,6
彶,6
忈,6
忋,6
忓,6
忔,6
忕,6
忚,6
忛,6
忣,6
扗,6
扙,6
扚,6
扜,6
扝,6
扞,6
扟,6
扠,6
扡,6
扢,6
扤,6
扥,6
扨,6
扱,6
攰,6
攷,6
旪,6
旫,6
朲,6
朳,6
朶,6
朷,6
朸,6
朹,6
朻,6
朼,6
朾,6
朿,6
杁,6
毎,6
氒,6
気,6
氼,6
汋,6
汌,6
汍,6
汎,6
汏,6
汑,6
汒,6
汓,6
汘,6
汙,6
汚,6
汢,6
汣,6
汷,6
灮,6
灱,6
灲,6
灳,6
牞,6
犱,6
犲,6
犳,6
犵,6
玏,6
玐,6
甪,6
甶,6
癿,6
糸,6
糹,6
肎,6
芅,6
芆,6
芇,6
芉,6
芌,6
芐,6
芓,6
芕,6
虍,6
覀,6
讻,6
赱,6
辿,6
迀,6
迃,6
迉,6
邞,6
邟,6
邤,6
邧,6
邩,6
邷,6
闬,6
阥,6
阦,6
阧,6
阩,6
阫,6
阬,6
阭,6
阰,6
饦,6
老,6
肋,6
年,6
列,6
劣,6
吏,6
宅,6
行,6
礼,6
羽,6
𠀘,6
𠀙,6
𠀚,6
𠀛,6
𠀜,6
𠀝,6
𠀞,6
𠀟,6
𠀠,6
𠀩,6
𠁦,6
𠁲,6
𠂂,6
𠂢,6
𠂣,6
𠂤,6
𠂥,6
𠂦,6
𠂧,6
𠂨,6
𠂩,6
𠂪,6
𠂫,6
𠂬,6
𠂭,6
𠂮,6
𠃤,6
𠃥,6
𠃦,6
𠃧,6
𠃨,6
𠄕,6
𠄢,6
𠄣,6
𠄤,6
𠄥,6
𠄦,6
𠄧,6
𠅃,6
𠅄,6
𠅅,6
𠅆,6
𠅇,6
𠆴,6
𠆵,6
𠆶,6
𠆷,6
𠆸,6
𠆹,6
𠆺,6
𠆻,6
𠆼,6
𠆽,6
𠆾,6
𠆿,6
𠇀,6
𠇁,6
𠇂,6
𠇃,6
𠇄,6
𠇅,6
𠇆,6
𠇇,6
𠇈,6
𠇉,6
𠇊,6
𠇋,6
𠇌,6
𠇍,6
𠇎,6
𠇏,6
𠇐,6
𠇑,6
𠇒,6
𠇓,6
𠇔,6
𠇕,6
𠑹,6
𠑺,6
𠑻,6
𠑼,6
𠓠,6
𠓡,6
𠓢,6
𠓣,6
𠔈,6
𠔉,6
𠕋,6
𠕌,6
𠕍,6
𠕎,6
𠕏,6
𠕹,6
𠕺,6
𠕻,6
𠕼,6
𠕽,6
𠕾,6
𠕿,6
𠖱,6
𠖲,6
𠖳,6
𠖴,6
𠖵,6
𠖶,6
𠘵,6
𠘶,6
𠘷,6
𠘸,6
𠘹,6
𠘺,6
𠘻,6
𠙾,6
𠙿,6
𠚀,6
𠚁,6
𠚂,6
𠚃,6
𠚄,6
𠚅,6
𠚵,6
𠚷,6
𠚸,6
𠚹,6
𠚺,6
𠚼,6
𠚽,6
𠚾,6
𠚿,6
𠛀,6
𠛁,6
𠛂,6
𠛃,6
𠛄,6
𠛅,6
𠛆,6
𠛇,6
𠛈,6
𠛉,6
𠛊,6
𠛋,6
𠛌,6
𠛍,6
𠠹,6
𠠺,6
𠠻,6
𠠼,6
𠠽,6
𠠾,6
𠠿,6
𠡀,6
𠡁,6
𠣑,6
𠣒,6
𠣓,6
𠤮,6
𠤯,6
𠤰,6
𠤱,6
𠤲,6
𠥮,6
𠥯,6
𠦂,6
𠦃,6
𠦄,6
𠦅,6
𠦆,6
𠦇,6
𠦈,6
𠦉,6
𠦊,6
𠦋,6
𠦌,6
𠦍,6
𠦎,6
𠦏,6
𠦐,6
𠧔,6
𠧕,6
𠧖,6
𠧗,6
𠧘,6
𠨒,6
𠨓,6
𠨔,6
𠨕,6
𠨖,6
𠨗,6
𠨴,6
𠨵,6
𠨶,6
𠨷,6
𠨸,6
𠨹,6
𠨺,6
𠨻,6
𠨼,6
𠨽,6
𠨾,6
𠨿,6
𠫞,6
𠫟,6
𠫠,6
𠫡,6
𠫢,6
𠫣,6
𠫤,6
𠫥,6
𠬩,6
𠬪,6
𠬫,6
𠬬,6
𠬭,6
𠬮,6
𠬯,6
𠬰,6
𠮫,6
𠮬,6
𠮭,6
𠮮,6
𠮯,6
𠮰,6
𠮱,6
𠮲,6
𠮳,6
𠮴,6
𠮵,6
𠮶,6
𠮷,6
𠮸,6
𠮹,6
𠮺,6
𠮻,6
𠮼,6
𠮽,6
𠮾,6
𠮿,6
𠯀,6
𠯁,6
𠯂,6
𠯃,6
𠯄,6
𠯅,6
𠯆,6
𠯇,6
𠯈,6
𠯉,6
𠯊,6
𡆧,6
𡆨,6
𡆩,6
𡆪,6
𡆫,6
𡆬,6
𡆭,6
𡆮,6
𡆯,6
𡆰,6
𡆱,6
𡆲,6
𡆳,6
𡉈,6
𡉉,6
𡉊,6
𡉋,6
𡉌,6
𡉍,6
𡉎,6
𡉏,6
𡉐,6
𡉑,6
𡉒,6
𡉓,6
𡉔,6
𡉕,6
𡉖,6
𡉗,6
𡔜,6
𡕕,6
𡕖,6
𡕞,6
𡕟,6
𡖇,6
𡖈,6
𡖉,6
𡗝,6
𡗞,6
𡗟,6
𡗠,6
𡗡,6
𡗢,6
𡗣,6
𡗤,6
𡚮,6
𡚯,6
𡚰,6
𡚱,6
𡚲,6
𡚳,6
𡚴,6
𡚵,6
𡚶,6
𡚷,6
𡚸,6
𡚹,6
𡚺,6
𡚻,6
𡥃,6
𡥄,6
𡥅,6
𡦽,6
𡦾,6
𡦿,6
𡧀,6
𡧁,6
𡧂,6
𡧃,6
𡧄,6
𡧅,6
𡧆,6
𡧇,6
𡧈,6
𡧉,6
𡧊,6
𡬞,6
𡭙,6
𡭚,6
𡭛,6
𡭜,6
𡯋,6
𡯌,6
𡯍,6
𡯎,6
𡰩,6
𡰪,6
𡰫,6
𡰬,6
𡰭,6
𡰮,6
𡰯,6
𡰰,6
𡰱,6
𡰲,6
𡰳,6
𡴀,6
𡴁,6
𡴂,6
𡴃,6
𡴄,6
𡴅,6
𡴾,6
𡴿,6
𡵀,6
𡵁,6
𡵂,6
𡵃,6
𡵄,6
𡵅,6
𡵆,6
𡵇,6
𡵈,6
𡵉,6
𡵊,6
𡵋,6
𡵌,6
𡵍,6
𡵎,6
𡵏,6
𡵐,6
𡵑,6
𡵒,6
𡿩,6
𡿪,6
𡿫,6
𡿬,6
𡿭,6
𢀚,6
𢀛,6
𢀶,6
𢁕,6
𢁖,6
𢁗,6
𢁘,6
𢁙,6
𢁚,6
𢁛,6
𢁜,6
𢁝,6
𢁞,6
𢁟,6
𢁠,6
𢁡,6
𢁢,6
𢁣,6
𢁤,6
𢆶,6
𢇗,6
𢇘,6
𢇙,6
𢇚,6
𢇛,6
𢇜,6
𢇝,6
𢇞,6
𢇟,6
𢇠,6
𢇡,6
𢇢,6
𢌜,6
𢌰,6
𢌱,6
𢌲,6
𢍽,6
𢍾,6
𢎫,6
𢎬,6
𢎭,6
𢎮,6
𢎯,6
𢎰,6
𢎱,6
𢎲,6
𢎳,6
𢎴,6
𢎵,6
𢎶,6
𢑏,6
𢑐,6
𢑑,6
𢑒,6
𢒃,6
𢒄,6
𢒅,6
𢒆,6
𢓀,6
𢓁,6
𢓂,6
𢓃,6
𢖲,6
𢖳,6
𢖴,6
𢖵,6
𢖶,6
𢖷,6
𢖸,6
𢖹,6
𢖺,6
𢖻,6
𢖼,6
𢖽,6
𢖾,6
𢖿,6
𢗀,6
𢗁,6
𢗂,6
𢗃,6
𢗄,6
𢗅,6
𢗆,6
𢗇,6
𢗈,6
𢦎,6
𢦏,6
𢦐,6
𢦑,6
𢨦,6
𢨧,6
𢨨,6
𢨩,6
𢩭,6
𢩮,6
𢩯,6
𢩰,6
𢩱,6
𢩲,6
𢩳,6
𢩴,6
𢩵,6
𢩶,6
𢩷,6
𢩸,6
𢩹,6
𢩺,6
𢩻,6
𢩼,6
𢩽,6
𢩾,6
𢩿,6
𢪀,6
𢪁,6
𢪂,6
𢺵,6
𣁁,6
𣂒,6
𣃗,6
𣄭,6
𣄾,6
𣄿,6
𣅀,6
𣅁,6
𣅂,6
𣅃,6
𣅅,6
𣍞,6
𣎸,6
𣎹,6
𣎺,6
𣎻,6
𣎼,6
𣎽,6
𣎾,6
𣎿,6
𣏀,6
𣢀,6
𣥅,6
𣥆,6
𣦸,6
𣦹,6
𣦺,6
𣦻,6
𣦼,6
𣦽,6
𣦾,6
𣫭,6
𣬜,6
𣬝,6
𣬞,6
𣬟,6
𣬠,6
𣱕,6
𣱖,6
𣲀,6
𣲁,6
𣲂,6
𣲃,6
𣲄,6
𣲅,6
𣲆,6
𣲇,6
𣲈,6
𣲉,6
𣲊,6
𣲋,6
𣲌,6
𣲍,6
𤆃,6
𤆄,6
𤆅,6
𤆆,6
𤆇,6
𤆈,6
𤆉,6
𤆊,6
𤆋,6
𤆌,6
𤕭,6
𤘕,6
𤘖,6
𤘗,6
𤜡,6
𤜢,6
𤜣,6
𤜤,6
𤜥,6
𤜦,6
𤜧,6
𤜨,6
𤜩,6
𤜪,6
𤜫,6
𤜬,6
𤜭,6
𤜮,6
𤣪,6
𤣫,6
𤣬,6
𤯔,6
𤰃,6
𤰓,6
𤰔,6
𤴕,6
𤴥,6
𤼽,6
𤼾,6
𥃤,6
𥃥,6
𥍝,6
𥐕,6
𥐖,6
𥘇,6
𥘈,6
𥘉,6
𥘊,6
𥘋,6
𥘌,6
𥝍,6
𥝎,6
𥝏,6
𥫗,6
𦈢,6
𦉯,6
𦍋,6
𦍌,6
𦍍,6
𦓐,6
𦓤,6
𦘒,6
𦘩,6
𦘪,6
𦘫,6
𦘬,6
𦘭,6
𦘮,6
𦘯,6
𦘰,6
𦘱,6
𦘲,6
𦘳,6
𦣞,6
𦣹,6
𦤳,6
𦤴,6
𦥑,6
𦥒,6
𦥓,6
𦫶,6
𦫷,6
𦫸,6
𦫹,6
𦫺,6
𦫻,6
𦫼,6
𦫽,6
𦫾,6
𦫿,6
𦬀,6
𨑑,6
𨑒,6
𨑓,6
𨑔,6
𨑕,6
𨑖,6
𨑗,6
𨑘,6
𨑙,6
𨑚,6
𨑛,6
𨑜,6
𨑝,6
𨑞,6
𨑟,6
𨑠,6
𨑡,6
𨙶,6
𨙷,6
𨙸,6
𨙹,6
𨙺,6
𨙻,6
𨙼,6
𨙽,6
𨙾,6
𨙿,6
𨚀,6
𨚁,6
𨚂,6
𨚃,6
𨚄,6
𨚅,6
𨚆,6
𨚇,6
𨚈,6
𨚉,6
𨚊,6
𨚋,6
𨚌,6
𨚍,6
𨚎,6
𨚏,6
𨚐,6
𨚑,6
𨚒,6
𨷿,6
𨸀,6
𨸁,6
𨸚,6
𨸛,6
𨸜,6
𨸝,6
𨸞,6
𨸟,6
𨸠,6
𨸡,6
𨸢,6
𨸣,6
𨸤,6
𨸥,6
𨸦,6
𨸧,6
𨸨,6
𨸩,6
龹,6
𪜌,6
𪜑,6
𪜨,6
𪜩,6
𪜪,6
𪜫,6
𪞈,6
𪞗,6
𪞘,6
𪞙,6
𪞚,6
𪞱,6
𪞾,6
𪞿,6
𪟀,6
𪟩,6
𪟬,6
𪠥,6
𪢳,6
𪢴,6
𪢵,6
𪢶,6
𪢷,6
𪤷,6
𪥃,6
𪥤,6
𪥥,6
𪧷,6
𪨢,6
𪨣,6
𪨤,6
𪨥,6
𪩣,6
𪪊,6
𪪺,6
𪫆,6
𪫞,6
𪭊,6
𪭜,6
𪱙,6
𪵩,6
𪵪,6
𪵫,6
𪵬,6
𪻍,6
𪽆,6
𫀦,6
𫇥,6
𫇦,6
𫍚,6
𫍛,6
𫐟,6
𫑘,6
𫑙,6
𫔬,6
𫔻,6
𫗞,6
𫘛,6
𫝁,6
𫝅,6
𫝘,6
𫝢,6
𫝲,6
𫝳,6
𫞖,6
𫟞,6
我,7
这,7
来,7
时,7
你,7
作,7
里,7
没,7
还,7
进,7
但,7
把,7
两,7
间,7
应,7
体,7
利,7
身,7
位,7
声,7
员,7
走,7
条,7
系,7
更,7
别,7
何,7
报,7
克,7
形,7
社,7
听,7
却,7
即,7
完,7
住,7
告,7
求,7
张,7
识,7
运,7
步,7
改,7
言,7
每,7
极,7
快,7
证,7
近,7
远,7
兵,7
连,7
花,7
况,7
技,7
际,7
究,7
找,7
吧,7
阿,7
李,7
医,7
局,7
希,7
投,7
陈,7
足,7
护,7
志,7
严,7
批,7
围,7
攻,7
苏,7
低,7
诉,7
男,7
助,7
坐,7
否,7
状,7
初,7
陆,7
劳,7
财,7
纳,7
层,7
冷,7
村,7
判,7
余,7
灵,7
角,7
沉,7
坚,7
免,7
怀,7
乱,7
抗,7
佛,7
块,7
岛,7
评,7
弟,7
伯,7
坏,7
丽,7
良,7
序,7
沙,7
困,7
县,7
均,7
附,7
呀,7
饭,7
含,7
补,7
疗,7
材,7
词,7
君,7
园,7
宋,7
抓,7
束,7
纸,7
私,7
弄,7
忘,7
杨,7
床,7
迎,7
努,7
谷,7
库,7
弃,7
针,7
纯,7
忍,7
折,7
吴,7
秀,7
狂,7
伸,7
麦,7
阻,7
纷,7
违,7
译,7
汽,7
犹,7
纵,7
彻,7
役,7
玛,7
妙,7
杜,7
尾,7
伴,7
启,7
估,7
泛,7
拒,7
呆,7
穷,7
灾,7
劲,7
迟,7
吹,7
鸡,7
诊,7
抢,7
返,7
忧,7
辛,7
励,7
扰,7
驱,7
闲,7
拟,7
贡,7
呈,7
戒,7
饮,7
芳,7
帐,7
沟,7
扶,7
寿,7
吾,7
邮,7
邻,7
赤,7
沈,7
抛,7
牢,7
吨,7
抚,7
苍,7
抑,7
抖,7
肝,7
纽,7
纹,7
豆,7
岗,7
吞,7
宏,7
肚,7
扭,7
坛,7
沃,7
歼,7
劫,7
闷,7
串,7
妥,7
址,7
妖,7
妨,7
汪,7
尿,7
芬,7
盯,7
肠,7
忌,7
纲,7
壳,7
吻,7
扮,7
卵,7
杆,7
吟,7
肖,7
驳,7
吵,7
矣,7
佐,7
扯,7
孝,7
冻,7
陀,7
亨,7
吼,7
甫,7
巫,7
抄,7
狄,7
罕,7
姊,7
坑,7
钉,7
坠,7
屁,7
吩,7
辰,7
亩,7
坟,7
轩,7
龟,7
诈,7
纺,7
兑,7
纱,7
杖,7
坎,7
邱,7
芦,7
秃,7
旱,7
伽,7
芯,7
坊,7
驴,7
佣,7
呜,7
甸,7
灿,7
妒,7
芙,7
岚,7
诏,7
灶,7
纬,7
杉,7
尬,7
沦,7
沪,7
旷,7
芽,7
汹,7
佑,7
妓,7
删,7
伺,7
坝,7
杏,7
冶,7
庇,7
吱,7
邵,7
呕,7
灼,7
呐,7
伶,7
庐,7
扼,7
汰,7
牡,7
肘,7
沧,7
沁,7
沛,7
匣,7
杠,7
吭,7
抒,7
皂,7
狈,7
芸,7
祀,7
芭,7
邑,7
岔,7
韧,7
邹,7
忒,7
孜,7
坞,7
扳,7
诅,7
呃,7
佟,7
邸,7
妞,7
矶,7
苇,7
芜,7
佃,7
沌,7
忡,7
忱,7
钊,7
陇,7
肛,7
怅,7
攸,7
呛,7
吠,7
鸠,7
沐,7
岑,7
孚,7
彷,7
吝,7
羌,7
坍,7
妊,7
囱,7
纶,7
抉,7
沥,7
刨,7
闵,7
诃,7
吮,7
汶,7
芹,7
饬,7
卤,7
汾,7
汞,7
奂,7
沂,7
佚,7
杞,7
酉,7
抡,7
欤,7
邯,7
岐,7
呗,7
坂,7
町,7
芥,7
灸,7
甬,7
岖,7
妩,7
彤,7
怆,7
抠,7
芮,7
忐,7
忑,7
闰,7
沅,7
虬,7
纭,7
饨,7
汩,7
忻,7
诒,7
汴,7
沣,7
纾,7
孛,7
炀,7
庑,7
庋,7
邺,7
伲,7
芷,7
诋,7
呓,7
妫,7
沏,7
饪,7
芪,7
杈,7
囤,7
佗,7
闱,7
芩,7
抟,7
佞,7
妍,7
苁,7
苣,7
佘,7
诌,7
闶,7
陂,7
忸,7
苋,7
肓,7
妪,7
苡,7
沤,7
豕,7
圻,7
劭,7
忾,7
忤,7
見,7
氚,7
吡,7
佝,7
玖,7
诂,7
芾,7
闳,7
汨,7
劬,7
囫,7
苌,7
呔,7
饫,7
妗,7
饩,7
呋,7
芡,7
岘,7
姒,7
囵,7
忪,7
纰,7
苄,7
芰,7
芫,7
诎,7
疖,7
芟,7
苎,7
卣,7
肟,7
奁,7
怄,7
佥,7
钋,7
芤,7
杓,7
陉,7
钌,7
呒,7
帏,7
邰,7
苊,7
呖,7
沆,7
迕,7
轫,7
迓,7
氙,7
肜,7
吣,7
邳,7
飏,7
芴,7
妣,7
杌,7
旰,7
岜,7
芈,7
苈,7
貝,7
怃,7
呙,7
杩,7
吲,7
疔,7
纻,7
沔,7
車,7
纮,7
岙,7
狁,7
芘,7
坌,7
泐,7
忮,7
阼,7
釆,7
祂,7
邴,7
狃,7
妤,7
忭,7
兕,7
阽,7
邲,7
岈,7
禿,7
陁,7
坜,7
邶,7
诐,7
刭,7
辵,7
沩,7
轪,7
迏,7
佧,7
祃,7
纴,7
肙,7
肞,7
芵,7
苃,7
诇,7
迒,7
阸,7
岍,7
矵,7
礿,7
竌,7
糺,7
耴,7
芼,7
苅,7
迋,7
迍,7
㐖,7
㐗,7
㐘,7
㐬,7
㑁,7
㑂,7
㑃,7
㑄,7
㑅,7
㑆,7
㑇,7
㑈,7
㒳,7
㒴,7
㒵,7
㒶,7
㒷,7
㓈,7
㓟,7
㓠,7
㔗,7
㔘,7
㔯,7
㔰,7
㔷,7
㕀,7
㕅,7
㕆,7
㕇,7
㕝,7
㕩,7
㕪,7
㕫,7
㕬,7
㕭,7
㕮,7
㕯,7
㕰,7
㕱,7
㕲,7
㕳,7
㕴,7
㕵,7
㕶,7
㘧,7
㘨,7
㘩,7
㘪,7
㘫,7
㘬,7
㘭,7
㘮,7
㘯,7
㘰,7
㚒,7
㚓,7
㚩,7
㚪,7
㚫,7
㚬,7
㚭,7
㚮,7
㚯,7
㛠,7
㜾,7
㜿,7
㝎,7
㝏,7
㝐,7
㝑,7
㝴,7
㝽,7
㞎,7
㞣,7
㞰,7
㞱,7
㞲,7
㞳,7
㞴,7
㞵,7
㞶,7
㞷,7
㞸,7
㠷,7
㠸,7
㠹,7
㠺,7
㠻,7
㠼,7
㡲,7
㡳,7
㢤,7
㢬,7
㢭,7
㣊,7
㣖,7
㣗,7
㣽,7
㤀,7
㤃,7
㤄,7
㤆,7
㤇,7
㤈,7
㤉,7
㤊,7
㤋,7
㦮,7
㦯,7
㦾,7
㧉,7
㧊,7
㧋,7
㧌,7
㧍,7
㧎,7
㧏,7
㧐,7
㧑,7
㩿,7
㪀,7
㪯,7
㫒,7
㫓,7
㫔,7
㫕,7
㫖,7
㫗,7
㭂,7
㭃,7
㭄,7
㭅,7
㭆,7
㰝,7
㰞,7
㱐,7
㱑,7
㱼,7
㲾,7
㳀,7
㳁,7
㳂,7
㳃,7
㳄,7
㳅,7
㳆,7
㳇,7
㳈,7
㳉,7
㳊,7
㶣,7
㶤,7
㶥,7
㸩,7
㸪,7
㹝,7
㹞,7
㹟,7
㹠,7
㺬,7
㺭,7
㺮,7
㺯,7
㼗,7
㽕,7
㽖,7
㽗,7
㽱,7
㽲,7
㿝,7
䀎,7
䀏,7
䂗,7
䃼,7
䄦,7
䄧,7
䆑,7
䎲,7
䏎,7
䏏,7
䖝,7
䢊,7
䢋,7
䢵,7
䢶,7
䢷,7
䦼,7
䦽,7
䦿,7
䧀,7
丣,7
乕,7
乲,7
亊,7
亜,7
亪,7
伭,7
伮,7
伱,7
伳,7
伵,7
伷,7
伹,7
伻,7
伾,7
伿,7
佀,7
佁,7
佂,7
佄,7
佅,7
佇,7
佈,7
佉,7
佊,7
佋,7
佒,7
佔,7
佖,7
佡,7
佦,7
佨,7
兌,7
兎,7
兏,7
児,7
冏,7
冝,7
冸,7
冹,7
冺,7
凬,7
刜,7
刞,7
刟,7
刡,7
刢,7
刣,7
別,7
刦,7
刧,7
刪,7
刬,7
劮,7
劯,7
劰,7
労,7
匉,7
匤,7
匥,7
卲,7
厎,7
厏,7
厐,7
厑,7
叓,7
吘,7
吙,7
吚,7
吜,7
吢,7
吤,7
吥,7
吪,7
吰,7
吳,7
吶,7
吷,7
吺,7
吽,7
吿,7
呁,7
呂,7
呄,7
呅,7
呇,7
呉,7
呌,7
呍,7
呎,7
呏,7
呑,7
呚,7
咓,7
咞,7
囥,7
囦,7
囧,7
囨,7
囩,7
囪,7
囬,7
囮,7
囯,7
囲,7
図,7
圼,7
圽,7
圿,7
坁,7
坃,7
坄,7
坅,7
坆,7
坈,7
坉,7
坋,7
坒,7
坓,7
坔,7
坕,7
坖,7
坘,7
坙,7
壯,7
壱,7
売,7
夆,7
夋,7
夽,7
夾,7
夿,7
奀,7
奆,7
妉,7
妋,7
妌,7
妎,7
妏,7
妐,7
妑,7
妔,7
妕,7
妘,7
妚,7
妛,7
妜,7
妝,7
妟,7
妠,7
妡,7
妢,7
妦,7
妧,7
姂,7
姉,7
姖,7
孞,7
宊,7
宍,7
宎,7
宐,7
宑,7
宒,7
寽,7
対,7
尦,7
尨,7
尪,7
尫,7
屃,7
岄,7
岅,7
岆,7
岇,7
岉,7
岊,7
岎,7
岏,7
岒,7
岓,7
岕,7
岠,7
巠,7
巵,7
帉,7
帊,7
帋,7
帍,7
帎,7
庈,7
庉,7
庌,7
庍,7
庎,7
庒,7
廸,7
廹,7
弅,7
弝,7
弞,7
弡,7
彣,7
彸,7
彺,7
忎,7
応,7
忟,7
忦,7
忨,7
忬,7
忯,7
忰,7
忲,7
忳,7
忴,7
忶,7
忷,7
忹,7
忺,7
忼,7
怇,7
戓,7
戺,7
戻,7
戼,7
扲,7
扴,7
扵,7
扷,7
扸,7
扺,7
扻,7
扽,7
抁,7
抂,7
抃,7
抅,7
抆,7
抇,7
抈,7
抋,7
抌,7
抍,7
抎,7
抏,7
抐,7
抔,7
抙,7
抜,7
抝,7
択,7
抣,7
抸,7
攺,7
攼,7
斈,7
斘,7
旲,7
旳,7
旴,7
旵,7
旸,7
昅,7
曵,7
杄,7
杅,7
杇,7
杊,7
杋,7
杍,7
杒,7
杔,7
杕,7
杗,7
杘,7
杙,7
杚,7
杛,7
杝,7
杢,7
杣,7
杤,7
杦,7
杧,7
毐,7
毜,7
毝,7
汖,7
汥,7
汦,7
汧,7
汫,7
汭,7
汮,7
汯,7
汱,7
汳,7
汵,7
汸,7
決,7
汻,7
汼,7
汿,7
沄,7
沇,7
沋,7
沍,7
沎,7
沑,7
沒,7
沕,7
沖,7
沘,7
沚,7
沜,7
沞,7
沠,7
沢,7
沨,7
泤,7
泲,7
洰,7
灴,7
灷,7
灹,7
灺,7
灻,7
災,7
牠,7
牣,7
牤,7
犺,7
犻,7
犼,7
犽,7
犾,7
犿,7
狅,7
狆,7
狇,7
玒,7
玓,7
玔,7
玕,7
玗,7
玘,7
玙,7
玚,7
瓧,7
瓨,7
瓩,7
甹,7
甼,7
疓,7
疕,7
皀,7
皁,7
皃,7
盀,7
盁,7
矴,7
秂,7
竍,7
纼,7
肐,7
肑,7
肒,7
肔,7
肕,7
肗,7
臫,7
芚,7
芛,7
芞,7
芠,7
芢,7
芣,7
芧,7
芲,7
芶,7
芺,7
芿,7
苀,7
苂,7
苆,7
苉,7
茾,7
觃,7
訁,7
豸,7
迊,7
迌,7
迖,7
迗,7
迚,7
邭,7
镸,7
阷,7
阹,7
阺,7
阾,7
陃,7
驲,7
更,7
車,7
串,7
卵,7
冷,7
弄,7
牢,7
辰,7
沈,7
良,7
呂,7
念,7
尿,7
阮,7
利,7
李,7
里,7
吝,7
狀,7
見,7
𠀡,7
𠀢,7
𠀣,7
𠀤,7
𠀥,7
𠀦,7
𠀧,7
𠀨,7
𠀪,7
𠀫,7
𠁧,7
𠁨,7
𠂯,7
𠂰,7
𠂱,7
𠃩,7
𠃪,7
𠃫,7
𠃬,7
𠄖,7
𠄗,7
𠄘,7
𠄨,7
𠄩,7
𠄪,7
𠅈,7
𠅉,7
𠅊,7
𠅋,7
𠇖,7
𠇗,7
𠇘,7
𠇙,7
𠇚,7
𠇛,7
𠇜,7
𠇝,7
𠇞,7
𠇟,7
𠇠,7
𠇡,7
𠇢,7
𠇣,7
𠇤,7
𠇥,7
𠇦,7
𠇧,7
𠇨,7
𠇩,7
𠇪,7
𠇫,7
𠇬,7
𠇭,7
𠇮,7
𠇯,7
𠇰,7
𠇱,7
𠇲,7
𠇳,7
𠇴,7
𠇵,7
𠇶,7
𠇷,7
𠇸,7
𠇹,7
𠇺,7
𠇻,7
𠇼,7
𠇽,7
𠇾,7
𠇿,7
𠈀,7
𠈁,7
𠈂,7
𠑽,7
𠑾,7
𠑿,7
𠒀,7
𠒁,7
𠒂,7
𠓤,7
𠓥,7
𠓦,7
𠓧,7
𠓨,7
𠔊,7
𠔋,7
𠔌,7
𠔍,7
𠔎,7
𠔏,7
𠕐,7
𠕑,7
𠕒,7
𠕓,7
𠕔,7
𠕕,7
𠖀,7
𠖁,7
𠖂,7
𠖃,7
𠖷,7
𠖸,7
𠖹,7
𠖺,7
𠖻,7
𠖼,7
𠖽,7
𠖾,7
𠖿,7
𠗁,7
𠘼,7
𠘽,7
𠘾,7
𠘿,7
𠙀,7
𠙁,7
𠙂,7
𠙃,7
𠙄,7
𠙅,7
𠚆,7
𠚇,7
𠚈,7
𠚉,7
𠚊,7
𠛎,7
𠛏,7
𠛐,7
𠛑,7
𠛒,7
𠛓,7
𠛔,7
𠛕,7
𠛖,7
𠛗,7
𠛘,7
𠛙,7
𠛚,7
𠛛,7
𠛜,7
𠛝,7
𠛞,7
𠛟,7
𠛠,7
𠛡,7
𠛢,7
𠛣,7
𠛤,7
𠛥,7
𠛦,7
𠡂,7
𠡃,7
𠡄,7
𠡅,7
𠡆,7
𠡇,7
𠡈,7
𠡉,7
𠡊,7
𠡋,7
𠡌,7
𠡍,7
𠡎,7
𠡏,7
𠡐,7
𠣔,7
𠣕,7
𠣖,7
𠣗,7
𠤑,7
𠤒,7
𠤓,7
𠤔,7
𠤕,7
𠤳,7
𠤴,7
𠤵,7
𠤶,7
𠤷,7
𠥰,7
𠥱,7
𠥲,7
𠦑,7
𠦒,7
𠦓,7
𠦔,7
𠦕,7
𠦖,7
𠦗,7
𠧙,7
𠧚,7
𠧛,7
𠧜,7
𠧝,7
𠨘,7
𠩀,7
𠩁,7
𠩂,7
𠩃,7
𠩄,7
𠩅,7
𠩆,7
𠩇,7
𠩈,7
𠩉,7
𠫦,7
𠫧,7
𠫨,7
𠬱,7
𠬲,7
𠬳,7
𠬴,7
𠬵,7
𠬶,7
𠬷,7
𠬸,7
𠯋,7
𠯌,7
𠯍,7
𠯎,7
𠯏,7
𠯐,7
𠯑,7
𠯒,7
𠯓,7
𠯔,7
𠯕,7
𠯖,7
𠯗,7
𠯘,7
𠯙,7
𠯚,7
𠯛,7
𠯜,7
𠯝,7
𠯞,7
𠯟,7
𠯠,7
𠯡,7
𠯢,7
𠯣,7
𠯤,7
𠯥,7
𠯦,7
𠯧,7
𠯨,7
𠯩,7
𠯪,7
𠯫,7
𠯬,7
𠯭,7
𠯮,7
𠯯,7
𠯰,7
𠯱,7
𠯲,7
𠯳,7
𠯴,7
𠯵,7
𠯶,7
𠯷,7
𠯸,7
𠯹,7
𠯺,7
𠯻,7
𠯼,7
𠯽,7
𠯾,7
𠯿,7
𠰀,7
𠰁,7
𠰂,7
𠰃,7
𠰄,7
𠰅,7
𠰆,7
𠰇,7
𡆴,7
𡆵,7
𡆶,7
𡆷,7
𡆸,7
𡆹,7
𡆺,7
𡆻,7
𡆼,7
𡆽,7
𡆾,7
𡆿,7
𡇀,7
𡇁,7
𡇂,7
𡇃,7
𡇄,7
𡇅,7
𡇆,7
𡇇,7
𡉘,7
𡉙,7
𡉚,7
𡉛,7
𡉜,7
𡉝,7
𡉞,7
𡉟,7
𡉠,7
𡉡,7
𡉢,7
𡉣,7
𡉤,7
𡉥,7
𡉦,7
𡉧,7
𡉨,7
𡉩,7
𡉪,7
𡉫,7
𡉬,7
𡉭,7
𡉮,7
𡉯,7
𡉰,7
𡉱,7
𡉲,7
𡉳,7
𡉴,7
𡉵,7
𡉶,7
𡉷,7
𡉸,7
𡉹,7
𡉺,7
𡉻,7
𡉼,7
𡉽,7
𡉾,7
𡉿,7
𡊀,7
𡊁,7
𡊂,7
𡊃,7
𡔝,7
𡔞,7
𡕗,7
𡕘,7
𡕙,7
𡕠,7
𡕡,7
𡖊,7
𡖋,7
𡖌,7
𡗥,7
𡗦,7
𡗧,7
𡗨,7
𡗩,7
𡗪,7
𡗫,7
𡗬,7
𡗭,7
𡗮,7
𡗯,7
𡗰,7
𡗱,7
𡗲,7
𡗳,7
𡗴,7
𡗵,7
𡗶,7
𡚼,7
𡚽,7
𡚾,7
𡚿,7
𡛀,7
𡛁,7
𡛂,7
𡛃,7
𡛄,7
𡛅,7
𡛆,7
𡛇,7
𡛈,7
𡛉,7
𡛊,7
𡛋,7
𡛌,7
𡛍,7
𡛎,7
𡛏,7
𡛐,7
𡛑,7
𡛒,7
𡛓,7
𡛔,7
𡛕,7
𡛖,7
𡛗,7
𡛘,7
𡥆,7
𡥇,7
𡥈,7
𡥉,7
𡥊,7
𡥋,7
𡥌,7
𡥍,7
𡧋,7
𡧌,7
𡧍,7
𡧎,7
𡧏,7
𡧐,7
𡧑,7
𡧒,7
𡧓,7
𡧔,7
𡧕,7
𡭝,7
𡭞,7
𡭟,7
𡭠,7
𡭡,7
𡭢,7
𡭣,7
𡭤,7
𡯏,7
𡯐,7
𡯑,7
𡯒,7
𡯓,7
𡯔,7
𡯕,7
𡯖,7
𡯗,7
𡯘,7
𡯙,7
𡰵,7
𡰶,7
𡰷,7
𡰸,7
𡰹,7
𡰺,7
𡰻,7
𡰼,7
𡰽,7
𡴆,7
𡴇,7
𡴈,7
𡴉,7
𡴊,7
𡵓,7
𡵔,7
𡵕,7
𡵖,7
𡵗,7
𡵘,7
𡵙,7
𡵚,7
𡵛,7
𡵜,7
𡵝,7
𡵞,7
𡵟,7
𡵠,7
𡵡,7
𡵢,7
𡵣,7
𡵤,7
𡵥,7
𡵦,7
𡵧,7
𡵨,7
𡵩,7
𡵪,7
𡵫,7
𡵬,7
𡵭,7
𡵮,7
𡵯,7
𡵰,7
𡵱,7
𡵲,7
𡵳,7
𡵴,7
𡵵,7
𡵶,7
𡵷,7
𡵸,7
𡵹,7
𡵺,7
𡵻,7
𡵼,7
𡵽,7
𡵾,7
𡵿,7
𡶀,7
𡶁,7
𡶂,7
𡿮,7
𡿯,7
𡿰,7
𢀜,7
𢀝,7
𢀞,7
𢁥,7
𢁦,7
𢁧,7
𢁨,7
𢁩,7
𢁪,7
𢁫,7
𢁬,7
𢁭,7
𢁮,7
𢁯,7
𢁰,7
𢁱,7
𢁲,7
𢁳,7
𢁴,7
𢁵,7
𢁶,7
𢁷,7
𢁸,7
𢁹,7
𢁺,7
𢆊,7
𢆋,7
𢆌,7
𢆷,7
𢆸,7
𢆹,7
𢆺,7
𢇣,7
𢇤,7
𢇥,7
𢇦,7
𢇧,7
𢇨,7
𢇩,7
𢇪,7
𢇫,7
𢇬,7
𢇭,7
𢇮,7
𢇯,7
𢇰,7
𢇱,7
𢌛,7
𢌝,7
𢌞,7
𢌳,7
𢌵,7
𢌶,7
𢌷,7
𢌸,7
𢌹,7
𢌺,7
𢍿,7
𢎀,7
𢎁,7
𢎂,7
𢎃,7
𢎷,7
𢎸,7
𢎹,7
𢎺,7
𢎻,7
𢎼,7
𢎽,7
𢎾,7
𢎿,7
𢏀,7
𢏁,7
𢏂,7
𢏃,7
𢏄,7
𢏅,7
𢑓,7
𢒇,7
𢒈,7
𢓄,7
𢓅,7
𢓆,7
𢓇,7
𢓈,7
𢓉,7
𢓊,7
𢓋,7
𢓌,7
𢓍,7
𢓎,7
𢓏,7
𢓐,7
𢓑,7
𢗉,7
𢗊,7
𢗋,7
𢗌,7
𢗍,7
𢗎,7
𢗏,7
𢗐,7
𢗑,7
𢗒,7
𢗓,7
𢗔,7
𢗕,7
𢗖,7
𢗗,7
𢗘,7
𢗙,7
𢗚,7
𢗛,7
𢗜,7
𢗝,7
𢗞,7
𢗟,7
𢗠,7
𢗡,7
𢗢,7
𢗣,7
𢗤,7
𢗥,7
𢗦,7
𢗧,7
𢗨,7
𢗩,7
𢗪,7
𢗫,7
𢗬,7
𢗭,7
𢗮,7
𢗯,7
𢗰,7
𢗱,7
𢗲,7
𢗳,7
𢗴,7
𢗵,7
𢗶,7
𢗷,7
𢗸,7
𢗹,7
𢗺,7
𢗻,7
𢗼,7
𢗽,7
𢗾,7
𢦒,7
𢦓,7
𢦔,7
𢦕,7
𢦖,7
𢦗,7
𢦘,7
𢦙,7
𢨪,7
𢨫,7
𢨬,7
𢨭,7
𢨮,7
𢪃,7
𢪄,7
𢪅,7
𢪆,7
𢪇,7
𢪈,7
𢪉,7
𢪊,7
𢪋,7
𢪌,7
𢪍,7
𢪎,7
𢪏,7
𢪐,7
𢪑,7
𢪒,7
𢪓,7
𢪔,7
𢪕,7
𢪖,7
𢪗,7
𢪘,7
𢪙,7
𢪚,7
𢪛,7
𢪜,7
𢪝,7
𢪞,7
𢪟,7
𢪠,7
𢪡,7
𢪢,7
𢪣,7
𢪤,7
𢪥,7
𢪦,7
𢪧,7
𢪨,7
𢪩,7
𢪪,7
𢪫,7
𢪬,7
𢪭,7
𢪮,7
𢪯,7
𢪰,7
𢪱,7
𢪲,7
𢪳,7
𢺶,7
𢻫,7
𢻬,7
𢻭,7
𢻮,7
𢻯,7
𢻰,7
𢻱,7
𢻲,7
𣁂,7
𣁭,7
𣂓,7
𣃘,7
𣃙,7
𣄮,7
𣄯,7
𣅄,7
𣅆,7
𣅇,7
𣅈,7
𣅉,7
𣅊,7
𣅋,7
𣅌,7
𣅍,7
𣅎,7
𣅏,7
𣅐,7
𣅑,7
𣅒,7
𣅓,7
𣅔,7
𣅕,7
𣅖,7
𣅗,7
𣅘,7
𣅙,7
𣌡,7
𣌢,7
𣍟,7
𣍠,7
𣍡,7
𣍢,7
𣍣,7
𣏁,7
𣏂,7
𣏃,7
𣏄,7
𣏅,7
𣏆,7
𣏇,7
𣏈,7
𣏉,7
𣏊,7
𣏋,7
𣏌,7
𣏍,7
𣏎,7
𣏏,7
𣏐,7
𣏑,7
𣏒,7
𣏓,7
𣢁,7
𣢂,7
𣢃,7
𣢄,7
𣢅,7
𣢆,7
𣢇,7
𣢈,7
𣥇,7
𣥈,7
𣥊,7
𣥋,7
𣥌,7
𣦿,7
𣧀,7
𣧁,7
𣧂,7
𣧃,7
𣧄,7
𣧅,7
𣧆,7
𣧇,7
𣧈,7
𣫮,7
𣬂,7
𣬃,7
𣬡,7
𣬢,7
𣬣,7
𣬤,7
𣬥,7
𣬦,7
𣬧,7
𣬨,7
𣱗,7
𣱘,7
𣲎,7
𣲏,7
𣲐,7
𣲑,7
𣲒,7
𣲓,7
𣲔,7
𣲕,7
𣲖,7
𣲗,7
𣲘,7
𣲙,7
𣲚,7
𣲛,7
𣲜,7
𣲝,7
𣲞,7
𣲟,7
𣲠,7
𣲡,7
𣲢,7
𣲣,7
𣲤,7
𣲥,7
𣲦,7
𣲧,7
𣲨,7
𣲩,7
𣲪,7
𣲫,7
𣲬,7
𣲭,7
𣲮,7
𣲯,7
𣲰,7
𣲱,7
𤆍,7
𤆎,7
𤆏,7
𤆐,7
𤆑,7
𤆒,7
𤆓,7
𤆔,7
𤆕,7
𤆖,7
𤆗,7
𤆘,7
𤆙,7
𤆚,7
𤆛,7
𤆜,7
𤓲,7
𤓳,7
𤓴,7
𤓵,7
𤕎,7
𤕏,7
𤕮,7
𤖩,7
𤖪,7
𤖫,7
𤘅,7
𤘘,7
𤘙,7
𤘚,7
𤘛,7
𤜯,7
𤜰,7
𤜱,7
𤜲,7
𤜳,7
𤜴,7
𤜵,7
𤜶,7
𤜷,7
𤜸,7
𤜹,7
𤜺,7
𤜻,7
𤜼,7
𤜽,7
𤜾,7
𤜿,7
𤝀,7
𤝁,7
𤝂,7
𤝃,7
𤝄,7
𤝅,7
𤝆,7
𤝇,7
𤝈,7
𤝉,7
𤝊,7
𤝋,7
𤝌,7
𤝍,7
𤝎,7
𤝮,7
𤣭,7
𤣮,7
𤣯,7
𤣰,7
𤣱,7
𤣲,7
𤣳,7
𤣴,7
𤣵,7
𤣶,7
𤣷,7
𤣸,7
𤬦,7
𤬧,7
𤰄,7
𤰕,7
𤰖,7
𤰗,7
𤰘,7
𤰙,7
𤰚,7
𤰛,7
𤰜,7
𤴦,7
𤴧,7
𤴨,7
𤴩,7
𤴪,7
𤴫,7
𤴬,7
𤴭,7
𤴮,7
𤼥,7
𤼦,7
𤼿,7
𤽀,7
𤽁,7
𤿆,7
𤿇,7
𥀿,7
𥁀,7
𥃦,7
𥃧,7
𥃨,7
𥃩,7
𥃪,7
𥃫,7
𥃬,7
𥃭,7
𥃮,7
𥃯,7
𥃰,7
𥃱,7
𥎦,7
𥎧,7
𥐗,7
𥐘,7
𥐙,7
𥐚,7
𥐛,7
𥐜,7
𥘍,7
𥘎,7
𥘏,7
𥘐,7
𥘑,7
𥘒,7
𥘓,7
𥘔,7
𥝐,7
𥝑,7
𥝒,7
𥝓,7
𥤣,7
𥤤,7
𥤥,7
𥤦,7
𥩕,7
𥩖,7
𥫘,7
𥸥,7
𥸦,7
𦉬,7
𦉮,7
𦉱,7
𦉲,7
𦉳,7
𦉴,7
𦉵,7
𦉶,7
𦏳,7
𦒱,7
𦒲,7
𦔮,7
𦘴,7
𦘵,7
𦘶,7
𦘷,7
𦘸,7
𦘹,7
𦘺,7
𦘻,7
𦘼,7
𦘽,7
𦘾,7
𦣝,7
𦣺,7
𦣻,7
𦣼,7
𦥔,7
𦧆,7
𦨇,7
𦬁,7
𦬂,7
𦬃,7
𦬄,7
𦬅,7
𦬆,7
𦬇,7
𦬈,7
𦬉,7
𦬊,7
𦬋,7
𦬌,7
𦬍,7
𦬎,7
𦬏,7
𦬐,7
𦬑,7
𦬒,7
𧈝,7
𧈞,7
𧘈,7
𧘉,7
𧘊,7
𧘋,7
𧘌,7
𧟠,7
𧟡,7
𧟢,7
𧢲,7
𧥛,7
𧥜,7
𧮪,7
𧮫,7
𧰧,7
𧰨,7
𧺆,7
𧾷,7
𨈏,7
𨈐,7
𨈑,7
𨐋,7
𨑃,7
𨑄,7
𨑢,7
𨑣,7
𨑤,7
𨑥,7
𨑦,7
𨑧,7
𨑨,7
𨑩,7
𨑪,7
𨑫,7
𨑬,7
𨑭,7
𨑮,7
𨑯,7
𨑰,7
𨑱,7
𨑲,7
𨑳,7
𨑴,7
𨑵,7
𨑶,7
𨑷,7
𨑸,7
𨑹,7
𨑺,7
𨑻,7
𨑼,7
𨑽,7
𨑾,7
𨑿,7
𨒀,7
𨒁,7
𨚓,7
𨚔,7
𨚕,7
𨚖,7
𨚗,7
𨚘,7
𨚙,7
𨚚,7
𨚛,7
𨚜,7
𨚝,7
𨚞,7
𨚟,7
𨚠,7
𨚡,7
𨚢,7
𨚣,7
𨚤,7
𨚥,7
𨚦,7
𨚧,7
𨚨,7
𨚩,7
𨚪,7
𨚫,7
𨚬,7
𨚭,7
𨚮,7
𨱗,7
𨱘,7
𨸂,7
𨸃,7
𨸪,7
𨸫,7
𨸬,7
𨸭,7
𨸮,7
𨸯,7
𨸰,7
𨸱,7
𨸲,7
𨸳,7
𨸴,7
𨸵,7
𨸶,7
𨸷,7
𨸸,7
𨸹,7
𨸺,7
𨸻,7
𨸼,7
𨸽,7
𨸾,7
𨸿,7
𨹀,7
𩟾,7
𩟿,7
𩠀,7
𩧦,7
𪨊,7
𫍟,7
𫐄,7
𫐆,7
𫗠,7
𫘝,7
鿈,7
鿉,7
𪜒,7
𪜓,7
𪜜,7
𪜢,7
𪜬,7
𪜭,7
𪜮,7
𪜯,7
𪜰,7
𪜱,7
𪜲,7
𪜳,7
𪜴,7
𪞎,7
𪞏,7
𪞐,7
𪞛,7
𪞜,7
𪞝,7
𪞲,7
𪟁,7
𪟂,7
𪟗,7
𪟘,7
𪟙,7
𪟭,7
𪟮,7
𪟳,7
𪟾,7
𪠄,7
𪠦,7
𪠳,7
𪠴,7
𪠵,7
𪢨,7
𪢸,7
𪢹,7
𪢺,7
𪢻,7
𪢼,7
𪢽,7
𪢾,7
𪢿,7
𪣀,7
𪣁,7
𪣂,7
𪥄,7
𪥅,7
𪥆,7
𪥦,7
𪥧,7
𪥨,7
𪥩,7
𪥪,7
𪥫,7
𪥬,7
𪦶,7
𪦷,7
𪦸,7
𪦹,7
𪧅,7
𪧆,7
𪧇,7
𪧿,7
𪨉,7
𪨋,7
𪨦,7
𪨧,7
𪨨,7
𪩡,7
𪩬,7
𪪁,7
𪪌,7
𪪍,7
𪪭,7
𪪮,7
𪪳,7
𪫋,7
𪫟,7
𪫠,7
𪫡,7
𪫢,7
𪫣,7
𪫤,7
𪫥,7
𪭝,7
𪭞,7
𪭟,7
𪭠,7
𪭡,7
𪭢,7
𪭣,7
𪯠,7
𪰆,7
𪰇,7
𪱚,7
𪱱,7
𪱲,7
𪱳,7
𪱴,7
𪱵,7
𪵭,7
𪵮,7
𪵯,7
𪵰,7
𪸎,7
𪸏,7
𪸐,7
𪺍,7
𪺩,7
𪺷,7
𪽁,7
𪽇,7
𫀀,7
𫀁,7
𫄚,7
𫄛,7
𫄜,7
𫄝,7
𫇧,7
𫇨,7
𫍜,7
𫍝,7
𫍞,7
𫍠,7
𫍡,7
𫐅,7
𫐠,7
𫐡,7
𫑚,7
𫑛,7
𫓥,7
𫔭,7
𫔮,7
𫔯,7
𫔼,7
𫔽,7
𫗟,7
𫘜,7
𫝂,7
𫝒,7
𫝕,7
𫝣,7
𫝦,7
𫝹,7
𫞹,7
𫞻,7
𫟟,7
𫟫,7
𫟲,7
的,8
和,8
国,8
到,8
所,8
事,8
经,8
法,8
学,8
现,8
定,8
其,8
些,8
实,8
者,8
使,8
明,8
性,8
知,8
物,8
或,8
制,8
果,8
话,8
表,8
变,8
受,8
建,8
直,8
命,8
金,8
空,8
治,8
非,8
放,8
该,8
规,8
取,8
拉,8
组,8
林,8
服,8
往,8
英,8
转,8
始,8
呢,8
单,8
具,8
罗,8
备,8
质,8
府,8
线,8
官,8
视,8
委,8
易,8
图,8
念,8
周,8
注,8
青,8
武,8
势,8
参,8
构,8
房,8
态,8
责,8
底,8
例,8
供,8
终,8
奇,8
京,8
依,8
河,8
织,8
采,8
细,8
育,8
限,8
刻,8
怕,8
苦,8
承,8
试,8
股,8
若,8
波,8
夜,8
述,8
居,8
环,8
范,8 9
担,8
宗,8
征,8
降,8
审,8
怪,8
版,8
宝,8
货,8
欧,8
姐,8
呼,8
味,8
鱼,8
肯,8
败,8
枪,8
尚,8
朋,8
画,8
固,8
松,8
幸,8
诗,8
忽,8
录,8
雨,8
板,8
招,8
油,8
泽,8
择,8
岸,8
卖,8
姑,8
顶,8
练,8
迫,8
卷,8
坦,8
店,8
软,8
典,8
爸,8
刺,8
拥,8
姆,8
玩,8
析,8
妻,8
购,8
虎,8
轮,8
抵,8
抱,8
杰,8
郑,8
姓,8
诚,8
拍,8
耶,8
抽,8
沿,8
妹,8
侠,8
侧,8
享,8
绍,8
彼,8
轰,8
奋,8
泪,8
季,8
狗,8
奔,8
驻,8
宜,8
径,8
忠,8
炎,8
孤,8
闹,8
舍,8
码,8
贫,8
废,8
净,8
奉,8
矿,8
抬,8
杯,8
丧,8
凭,8
肩,8
宙,8
叔,8
岩,8
爬,8
详,8
迪,8
凯,8
郎,8
贯,8
侦,8
券,8
枝,8
拖,8
胁,8
泥,8
拔,8
佩,8
肃,8
帕,8
驶,8
届,8
欣,8
剂,8
坡,8
昏,8
驾,8
孟,8
牧,8
佳,8
垂,8
怜,8
饰,8
昌,8
询,8
肥,8
奈,8
艰,8
鸣,8
屈,8
浅,8
昆,8
齿,8
押,8
怖,8
弥,8
肤,8
肿,8
隶,8
拨,8
刷,8
乳,8
岳,8
庞,8
呵,8
侍,8
贪,8
枚,8
庙,8
郁,8
苗,8
卓,8
贤,8
卧,8
函,8
昂,8
饲,8
炉,8
柜,8
拦,8
诞,8
饱,8
泡,8
氛,8
泄,8
於,8
披,8
泊,8
肺,8
卑,8
歧,8
拆,8
盲,8
胀,8
抹,8
咐,8
拘,8
畅,8
妮,8
衫,8
陕,8
账,8
怔,8
旺,8
岭,8
拐,8
拓,8
陌,8
刹,8
弦,8
咒,8
哎,8
玫,8
钓,8
茂,8
狐,8
泼,8
肢,8
垄,8
茅,8
侨,8
杭,8
刮,8
郊,8
肾,8
兔,8
拢,8
咖,8
昔,8
沾,8
咕,8
宠,8
祈,8
泣,8
帘,8
斩,8
贩,8
乖,8
虏,8
苹,8
沼,8
怯,8
沫,8
衬,8
怡,8
迦,8
宛,8
贬,8
绅,8
诡,8
卒,8
炒,8
枕,8
泳,8
泌,8
枢,8
拂,8
垃,8
驼,8
陋,8
侣,8
侄,8
茎,8
沸,8
拙,8
泻,8
坪,8
顷,8
诧,8
斧,8
秉,8
帜,8
贮,8
觅,8
咋,8
枣,8
苑,8
沮,8
苟,8
帖,8
坤,8
枉,8
厕,8
呻,8
咚,8
拣,8
炕,8
拚,8
肪,8
绎,8
迭,8
咙,8
拇,8
氓,8
弧,8
庚,8
侈,8
苛,8
苔,8
卦,8
屉,8
茄,8
忿,8
拧,8
绊,8
肮,8
疚,8
咎,8
枫,8
侬,8
妾,8
诛,8
闸,8
狒,8
侃,8
佬,8
咄,8
炊,8
殴,8
侥,8
咆,8
疡,8
拎,8
佯,8
抨,8
诘,8
炬,8
竺,8
阜,8
狞,8
奄,8
咏,8
弩,8
呱,8
诣,8
沽,8
咀,8
肴,8
穹,8
疙,8
拌,8
劾,8
拈,8
亟,8
狙,8
拗,8
帚,8
钗,8
怦,8
迥,8
驿,8
炙,8
侏,8
帛,8
诠,8
苯,8
驹,8
怂,8
抿,8
咔,8
坯,8
苞,8
沓,8
炖,8
诩,8
呸,8
坷,8
瓮,8
姗,8
枭,8
迢,8
泞,8
昊,8
刽,8
诙,8
佼,8
虱,8
茉,8
呷,8
岬,8
岱,8
盂,8
秆,8
庖,8
疟,8
咂,8
苓,8
罔,8
孢,8
驸,8
宕,8
戾,8
拄,8
咛,8
郅,8
宓,8
昙,8
杳,8
泯,8
迩,8
冽,8
咝,8
怏,8
沱,8
泗,8
叁,8
侗,8
泓,8
剁,8
坳,8
诤,8
殁,8
泾,8
茁,8
苷,8
祉,8
迳,8
枞,8
苻,8
肽,8
迨,8
郏,8
诜,8
臾,8
怵,8
矾,8
泅,8
苫,8
诨,8
钍,8
饯,8
绉,8
衩,8
岷,8
呶,8
忝,8
泸,8
迤,8
岫,8
茏,8
昕,8
怩,8
杵,8
泱,8
呤,8
峁,8
戕,8
妲,8
绌,8
杲,8
诟,8
炜,8
轭,8
兖,8
肱,8
鸢,8
長,8
诓,8
匦,8
泷,8
炔,8
茑,8
诖,8
矸,8
杼,8
苜,8
玮,8
祇,8
岢,8
绀,8
抻,8
钒,8
佻,8
钏,8
瓯,8
肼,8
矽,8
杷,8
黾,8
侩,8
诔,8
枋,8
垅,8
郃,8
枥,8
苕,8
牦,8
郓,8
妯,8
驷,8
枇,8
饴,8
帙,8
疝,8
呦,8
囹,8
峄,8
苤,8
昀,8
侪,8
炝,8
佰,8
佶,8
苴,8
肫,8
帑,8
籴,8
狎,8
泠,8
钕,8
坨,8
怛,8
怙,8
甙,8
茔,8
岵,8
肷,8
怫,8
帔,8
侔,8
岿,8
拊,8
冼,8
狍,8
疠,8
炅,8
虮,8
砀,8
隹,8
泫,8
玢,8
畀,8
肭,8
朊,8
泔,8
盱,8
钎,8
甾,8
岣,8
穸,8
钔,8
戗,8
泮,8
驺,8
驽,8
刿,8
門,8
杪,8
孥,8
苒,8
祆,8
祎,8
茕,8
钐,8
侉,8
佴,8
岽,8
昃,8
剀,8
怿,8
坩,8
枘,8
侑,8
枨,8
坼,8
戽,8
沭,8
怍,8
绂,8
坻,8
垆,8
臥,8
骀,8
茀,8
徂,8
佾,8
绁,8
邽,8
玟,8
矻,8
迮,8
陔,8
刳,8
卺,8
茆,8
茇,8
泺,8
耵,8
绐,8
坭,8
郄,8
邾,8
绋,8
茌,8
驵,8
肏,8
枧,8
茐,8
郇,8
坫,8
迯,8
郕,8
苾,8
郐,8
泖,8
苿,8
邿,8
虯,8
郋,8
靣,8
苠,8
苧,8
茚,8
㧟,8
沲,8
祋,8
穻,8
肻,8
苘,8
苙,8
苽,8
茊,8
虰,8
郀,8
郈,8
钖,8
坶,8
祅,8
竏,8
缷,8
肣,8
苲,8
苶,8
苼,8
邼,8
郘,8
钑,8
㭎,8
怊,8
盳,8
矺,8
秅,8
籶,8
罙,8
肧,8
肰,8
肸,8
虲,8
饳,8
秊,8
㐙,8
㐚,8
㐛,8
㐨,8
㐩,8
㐭,8
㑉,8
㑊,8
㑋,8
㑌,8
㑍,8
㑎,8
㑏,8
㑐,8
㑑,8
㑒,8
㑓,8
㑔,8
㑕,8
㑖,8
㒬,8
㒺,8
㓉,8
㓊,8
㓋,8
㓌,8
㓍,8
㓡,8
㓢,8
㓣,8
㓤,8
㓥,8
㓦,8
㔙,8
㔚,8
㔛,8
㔬,8
㔽,8
㕁,8
㕈,8
㕉,8
㕞,8
㕷,8
㕸,8
㕹,8
㕺,8
㕻,8
㕼,8
㕽,8
㕾,8
㕿,8
㘠,8
㘡,8
㘱,8
㘲,8
㘳,8
㘴,8
㘵,8
㚉,8
㚔,8
㚕,8
㚖,8
㚗,8
㚘,8
㚙,8
㚰,8
㚱,8
㚲,8
㚳,8
㚴,8
㚵,8
㚶,8
㚷,8
㚸,8
㚹,8
㚺,8
㚻,8
㚼,8
㚽,8
㚾,8
㚿,8
㛀,8
㛁,8
㝀,8
㝒,8
㝵,8
㝾,8
㝿,8
㞏,8
㞐,8
㞑,8
㞹,8
㞺,8
㞻,8
㞼,8
㞽,8
㞾,8
㞿,8
㟀,8
㟁,8
㟂,8
㟃,8
㠰,8
㠽,8
㠾,8
㠿,8
㡀,8
㡴,8
㡵,8
㡶,8
㡷,8
㡸,8
㡹,8
㡺,8
㡻,8
㢠,8
㢮,8
㢯,8
㢰,8
㢱,8
㣇,8
㣋,8
㣌,8
㣍,8
㣘,8
㣙,8
㤁,8
㤂,8
㤅,8
㤌,8
㤏,8
㤐,8
㤑,8
㤒,8
㤓,8
㤔,8
㤕,8
㤖,8
㤘,8
㦰,8
㦱,8
㦲,8
㦿,8
㧀,8
㧒,8
㧓,8
㧔,8
㧕,8
㧖,8
㧗,8
㧙,8
㧚,8
㧛,8
㧜,8
㧝,8
㧞,8
㧠,8
㩺,8
㪁,8
㪂,8
㪴,8
㫄,8
㫘,8
㫙,8
㫚,8
㬳,8
㭇,8
㭈,8
㭉,8
㭊,8
㭋,8
㭌,8
㭍,8
㭏,8
㭐,8
㰟,8
㰠,8
㰡,8
㰢,8
㱚,8
㱛,8
㱜,8
㱝,8
㱽,8
㲍,8
㲎,8
㲏,8
㲐,8
㲑,8
㲴,8
㳋,8
㳌,8
㳍,8
㳎,8
㳏,8
㳐,8
㳑,8
㳒,8
㳓,8
㳔,8
㳕,8
㶦,8
㶧,8
㶨,8
㶩,8
㶪,8
㸒,8
㸓,8
㸚,8
㸝,8
㸞,8
㸫,8
㸬,8
㸭,8
㸮,8
㸯,8
㹜,8
㹡,8
㹢,8
㹣,8
㹤,8
㹥,8
㹦,8
㹧,8
㹨,8
㹩,8
㹪,8
㺰,8
㺲,8
㺳,8
㺴,8
㺵,8
㺶,8
㼘,8
㼙,8
㽳,8
㽴,8
㽵,8
㽶,8
㿪,8
㿻,8
䀐,8
䀑,8
䀒,8
䀓,8
䀔,8
䂆,8
䂘,8
䂙,8
䄨,8
䄩,8
䄪,8
䄫,8
䄬,8
䄭,8
䆒,8
䇃,8
䇄,8
䊵,8
䍐,8
䏐,8
䏒,8
䏓,8
䏔,8
䏕,8
䏖,8
䏗,8
䏘,8
䏙,8
䏚,8
䏛,8
䏜,8
䏝,8
䑠,8
䒒,8
䒓,8
䒔,8
䖈,8
䘚,8
䘛,8
䜳,8
䢌,8
䢍,8
䢎,8
䢏,8
䢸,8
䢹,8
䢺,8
䧁,8
䧂,8
䧃,8
並,8
丳,8
乴,8
乵,8
乶,8
乷,8
乸,8
亝,8
亞,8
佌,8
佪,8
佫,8
佭,8
佮,8
佱,8
佲,8
併,8
佷,8
佸,8
佹,8
佺,8
佽,8
侀,8
侁,8
侂,8
侅,8
來,8
侇,8
侊,8
侌,8
侎,8
侐,8
侒,8
侓,8
侕,8
侖,8
侘,8
侙,8
侚,8
侜,8
侞,8
侟,8
価,8
侢,8
侤,8
侫,8
侭,8
侹,8
俢,8
兒,8
兓,8
兩,8
冐,8
冞,8
冾,8
冿,8
凮,8
刯,8
刱,8
刲,8
刴,8
刵,8
刼,8
刾,8
剆,8
劵,8
劶,8
劷,8
劸,8
効,8
劺,8
劻,8
劼,8
劽,8
勆,8
匊,8
匋,8
匌,8
匼,8
協,8
卥,8
卶,8
卹,8
厒,8
厓,8
厔,8
叀,8
叕,8
呝,8
呞,8
呟,8
呠,8
呡,8
呣,8
呥,8
呧,8
呩,8
呪,8
呫,8
呬,8
呭,8
呮,8
呯,8
呴,8
呹,8
呺,8
呾,8
呿,8
咁,8
咃,8
咅,8
咇,8
咈,8
咉,8
咊,8
咍,8
咑,8
咗,8
咘,8
咜,8
咼,8
囶,8
囷,8
囸,8
囻,8
囼,8
坢,8
坣,8
坥,8
坧,8
坬,8
坮,8
坰,8
坱,8
坲,8
坴,8
坵,8
坸,8
坹,8
坺,8
坽,8
坾,8
坿,8
垀,8
垁,8
垇,8
垈,8
垉,8
垊,8
夌,8
夝,8
奃,8
奅,8
奌,8
奍,8
妬,8
妭,8
妰,8
妱,8
妳,8
妴,8
妵,8
妶,8
妷,8
妸,8
妺,8
妼,8
妽,8
妿,8
姀,8
姁,8
姃,8
姄,8
姅,8
姇,8
姈,8
姌,8
姍,8
姎,8
姏,8
孠,8
孡,8
孧,8
宔,8
宖,8
実,8
尀,8
尙,8
尩,8
尭,8
屄,8
屆,8
屇,8
岝,8
岞,8
岟,8
岡,8
岤,8
岥,8
岦,8
岧,8
岨,8
岪,8
岮,8
岯,8
岰,8
岲,8
岴,8
岶,8
岹,8
岺,8
岻,8
岼,8
岾,8
峀,8
峂,8
峃,8
峅,8
巶,8
帒,8
帓,8
帗,8
幷,8
庘,8
庝,8
廻,8
廼,8
弆,8
弢,8
弣,8
弤,8
弨,8
弪,8
彔,8
彽,8
彾,8
彿,8
徃,8
忞,8
忢,8
忥,8
忩,8
怈,8
怉,8
怋,8
怌,8
怐,8
怑,8
怓,8
怗,8
怚,8
怞,8
怟,8
怢,8
怬,8
怭,8
怮,8
怰,8
怲,8
怳,8
怴,8
怶,8
怺,8
怽,8
怾,8
戔,8
抦,8
抧,8
抩,8
抪,8
抭,8
抮,8
抯,8
抰,8
抲,8
抳,8
抴,8
抶,8
抷,8
抺,8
抾,8
拀,8
拁,8
拃,8
拋,8
拑,8
拕,8
拝,8
拞,8
拠,8
拡,8
拤,8
攽,8
斉,8
斦,8
斨,8
斺,8
斻,8
旹,8
旻,8
旼,8
旽,8
旾,8
旿,8
昁,8
昄,8
昇,8
昈,8
昉,8
昋,8
昍,8
昐,8
昑,8
昒,8
昖,8
昗,8
昘,8
昛,8
曶,8
朌,8
杫,8
杬,8
杮,8
東,8
杴,8
杶,8
杸,8
杹,8
杺,8
杻,8
杽,8
枀,8
枂,8
枃,8
枅,8
枆,8
枈,8
枊,8
枌,8
枍,8
枎,8
枏,8
枑,8
枒,8
枓,8
枔,8
枖,8
枙,8
枛,8
枟,8
枠,8
枡,8
枤,8
枦,8
枩,8
枬,8
柉,8
柹,8
欥,8
欦,8
歨,8
歩,8
歫,8
歽,8
歾,8
歿,8
殀,8
毑,8
毞,8
毟,8
氜,8
氝,8
汬,8
沀,8
沊,8
沝,8
沬,8
沰,8
沴,8
沵,8
沶,8
沷,8
沺,8
泀,8
況,8
泂,8
泃,8
泆,8
泇,8
泈,8
泋,8
泍,8
泎,8
泏,8
泑,8
泒,8
泘,8
泙,8
泜,8
泝,8
泟,8
泦,8
泧,8
泩,8
泬,8
泭,8
泹,8
炁,8
炂,8
炃,8
炄,8
炆,8
炇,8
炈,8
炋,8
炌,8
炍,8
炏,8
炐,8
炑,8
炓,8
炗,8
炘,8
炚,8
炛,8
炞,8
烎,8
爭,8
牀,8
牥,8
牨,8
牪,8
牫,8
牬,8
狀,8
狉,8
狋,8
狌,8
狏,8
狑,8
狓,8
狔,8
狕,8
狖,8
狘,8
狚,8
狛,8
狜,8
狝,8
玜,8
玝,8
玞,8
玠,8
玡,8
玣,8
玤,8
玥,8
玦,8
玧,8
玨,8
玪,8
玬,8
玭,8
玱,8
珁,8
瓝,8
瓪,8
瓫,8
瓬,8
瓭,8
瓰,8
瓲,8
甽,8
甿,8
畁,8
畂,8
畃,8
畄,8
疌,8
疘,8
疛,8
疜,8
疞,8
癷,8
皯,8
盰,8
盵,8
矤,8
矷,8
矹,8
矼,8
砐,8
祄,8
祊,8
祌,8
秄,8
秇,8
秈,8
秊,8
竎,8
竻,8
籵,8
糼,8
糽,8
糾,8
糿,8
罖,8
羋,8
耓,8
肦,8
肨,8
肬,8
肳,8
肵,8
肶,8
肹,8
胏,8
臤,8
臽,8
舎,8
舏,8
舠,8
苐,8
苖,8
苚,8
苝,8
苢,8
苨,8
苩,8
苪,8
苬,8
苭,8
苮,8
苰,8
苳,8
苵,8
苸,8
苺,8
茋,8
茓,8
虭,8
衦,8
衧,8
衪,8
衱,8
豖,8
軋,8
迠,8
迡,8
迣,8
迧,8
迬,8
迱,8
迲,8
郂,8
郆,8
郉,8
郍,8
郔,8
郱,8
釒,8
陊,8
陎,8
陏,8
陑,8
陒,8
陓,8
靑,8
飠,8
鸤,8
鼡,8
金,8
奈,8
拉,8
來,8
拏,8
怒,8
泌,8
兩,8
囹,8
怜,8
例,8
杻,8
易,8
泥,8
林,8
炙,8
刺,8
拓,8
﨤,8
𠀬,8
𠀭,8
𠀮,8
𠀯,8
𠀰,8
𠀱,8
𠀲,8
𠀳,8
𠀴,8
𠁩,8
𠁪,8
𠁫,8
𠁬,8
𠂲,8
𠂳,8
𠂵,8
𠂶,8
𠃭,8
𠃮,8
𠃯,8
𠃰,8
𠃱,8
𠄙,8
𠄫,8
𠄬,8
𠄭,8
𠄮,8
𠄯,8
𠅌,8
𠅍,8
𠅎,8
𠅏,8
𠅐,8
𠅑,8
𠅒,8
𠈃,8
𠈄,8
𠈅,8
𠈆,8
𠈇,8
𠈈,8
𠈉,8
𠈊,8
𠈋,8
𠈌,8
𠈍,8
𠈎,8
𠈏,8
𠈐,8
𠈑,8
𠈒,8
𠈓,8
𠈔,8
𠈕,8
𠈖,8
𠈗,8
𠈘,8
𠈙,8
𠈚,8
𠈛,8
𠈜,8
𠈝,8
𠈞,8
𠈟,8
𠈠,8
𠈡,8
𠈢,8
𠈣,8
𠈤,8
𠈥,8
𠈦,8
𠈧,8
𠈨,8
𠈩,8
𠈪,8
𠈫,8
𠈬,8
𠋑,8
𠒃,8
𠒄,8
𠒅,8
𠒆,8
𠒇,8
𠒈,8
𠒉,8
𠒊,8
𠒋,8
𠓩,8
𠔐,8
𠔑,8
𠕖,8
𠕗,8
𠕘,8
𠕙,8
𠕚,8
𠖄,8
𠖅,8
𠖆,8
𠗀,8
𠗂,8
𠗃,8
𠗄,8
𠗅,8
𠗆,8
𠗇,8
𠙆,8
𠙇,8
𠙈,8
𠙉,8
𠙊,8
𠙋,8
𠙌,8
𠙍,8
𠙎,8
𠚋,8
𠚌,8
𠚍,8
𠛧,8
𠛨,8
𠛩,8
𠛪,8
𠛫,8
𠛬,8
𠛭,8
𠛮,8
𠛯,8
𠛰,8
𠛱,8
𠛲,8
𠛳,8
𠛴,8
𠛵,8
𠛶,8
𠛷,8
𠛸,8
𠛹,8
𠛺,8
𠛻,8
𠛼,8
𠛽,8
𠛾,8
𠛿,8
𠜀,8
𠜁,8
𠜂,8
𠜃,8
𠜄,8
𠜅,8
𠜆,8
𠜇,8
𠜈,8
𠜉,8
𠜊,8
𠜋,8
𠜌,8
𠜍,8
𠜎,8
𠜏,8
𠡑,8
𠡒,8
𠡓,8
𠡔,8
𠡕,8
𠡖,8
𠡗,8
𠡘,8
𠡙,8
𠡚,8
𠡛,8
𠡜,8
𠡝,8
𠣘,8
𠣙,8
𠣚,8
𠣛,8
𠣜,8
𠣝,8
𠤖,8
𠤸,8
𠤹,8
𠤺,8
𠤻,8
𠥳,8
𠦘,8
𠦙,8
𠦚,8
𠦛,8
𠦜,8
𠦝,8
𠦞,8
𠦟,8
𠦠,8
𠦡,8
𠦢,8
𠧞,8
𠧟,8
𠧠,8
𠧡,8
𠧢,8
𠧣,8
𠧤,8
𠧥,8
𠧦,8
𠧧,8
𠧨,8
𠩊,8
𠩋,8
𠩌,8
𠩍,8
𠩎,8
𠩏,8
𠩐,8
𠩑,8
𠩒,8
𠩓,8
𠩔,8
𠩕,8
𠩖,8
𠫩,8
𠫪,8
𠫫,8
𠫬,8
𠫭,8
𠫮,8
𠫯,8
𠬹,8
𠬺,8
𠬻,8
𠬼,8
𠬽,8
𠬾,8
𠰈,8
𠰉,8
𠰊,8
𠰋,8
𠰌,8
𠰍,8
𠰎,8
𠰏,8
𠰐,8
𠰑,8
𠰒,8
𠰓,8
𠰔,8
𠰕,8
𠰖,8
𠰗,8
𠰘,8
𠰙,8
𠰚,8
𠰛,8
𠰜,8
𠰝,8
𠰞,8
𠰟,8
𠰠,8
𠰡,8
𠰢,8
𠰣,8
𠰤,8
𠰥,8
𠰦,8
𠰧,8
𠰨,8
𠰩,8
𠰪,8
𠰫,8
𠰬,8
𠰭,8
𠰮,8
𠰯,8
𠰰,8
𠰱,8
𠰲,8
𠰳,8
𠰴,8
𠰵,8
𠰶,8
𠰷,8
𠰸,8
𠰹,8
𠰺,8
𠰻,8
𠰼,8
𠰽,8
𠰾,8
𠰿,8
𠱀,8
𠱁,8
𠱂,8
𠱃,8
𠱄,8
𠱅,8
𠱆,8
𠱇,8
𠱈,8
𠱉,8
𠱊,8
𠱋,8
𠱌,8
𠱍,8
𠱎,8
𠱏,8
𡇈,8
𡇉,8
𡇊,8
𡇋,8
𡇌,8
𡇍,8
𡇎,8
𡇏,8
𡇐,8
𡇑,8
𡊄,8
𡊅,8
𡊆,8
𡊇,8
𡊈,8
𡊉,8
𡊊,8
𡊋,8
𡊌,8
𡊍,8
𡊎,8
𡊏,8
𡊐,8
𡊑,8
𡊒,8
𡊓,8
𡊔,8
𡊕,8
𡊖,8
𡊗,8
𡊘,8
𡊙,8
𡊚,8
𡊛,8
𡊜,8
𡊝,8
𡊞,8
𡊟,8
𡊠,8
𡊡,8
𡊢,8
𡊣,8
𡊤,8
𡊥,8
𡊦,8
𡊧,8
𡊨,8
𡊩,8
𡊪,8
𡊫,8
𡊬,8
𡊭,8
𡊮,8
𡊯,8
𡊰,8
𡊱,8
𡊲,8
𡊳,8
𡊴,8
𡊵,8
𡊶,8
𡔟,8
𡕢,8
𡕣,8
𡕤,8
𡕥,8
𡖍,8
𡖎,8
𡖏,8
𡗷,8
𡗸,8
𡗹,8
𡗺,8
𡗻,8
𡗼,8
𡗽,8
𡗾,8
𡗿,8
𡘀,8
𡘁,8
𡘂,8
𡘃,8
𡘄,8
𡘅,8
𡘆,8
𡘇,8
𡘈,8
𡘉,8
𡘊,8
𡘋,8
𡘌,8
𡛙,8
𡛚,8
𡛛,8
𡛜,8
𡛝,8
𡛞,8
𡛟,8
𡛠,8
𡛡,8
𡛢,8
𡛣,8
𡛤,8
𡛥,8
𡛦,8
𡛧,8
𡛨,8
𡛩,8
𡛪,8
𡛫,8
𡛬,8
𡛭,8
𡛮,8
𡛯,8
𡛰,8
𡛱,8
𡛲,8
𡛳,8
𡛴,8
𡛵,8
𡛶,8
𡛷,8
𡛸,8
𡛹,8
𡛺,8
𡛻,8
𡛼,8
𡛽,8
𡛾,8
𡛿,8
𡜀,8
𡜁,8
𡥎,8
𡥏,8
𡥐,8
𡥑,8
𡥒,8
𡥓,8
𡥔,8
𡥕,8
𡥖,8
𡥗,8
𡥘,8
𡥙,8
𡥚,8
𡧖,8
𡧗,8
𡧘,8
𡧙,8
𡧚,8
𡧛,8
𡧜,8
𡧝,8
𡧞,8
𡧟,8
𡧠,8
𡧡,8
𡧢,8
𡧣,8
𡧤,8
𡧥,8
𡧦,8
𡧧,8
𡧨,8
𡬟,8
𡬠,8
𡬡,8
𡬢,8
𡬣,8
𡬤,8
𡬥,8
𡬦,8
𡭥,8
𡭦,8
𡭧,8
𡭨,8
𡭩,8
𡯚,8
𡯛,8
𡯜,8
𡯝,8
𡯞,8
𡯟,8
𡯠,8
𡯡,8
𡰾,8
𡰿,8
𡱀,8
𡱁,8
𡱂,8
𡱃,8
𡱄,8
𡱅,8
𡱆,8
𡱇,8
𡱈,8
𡱉,8
𡱊,8
𡱋,8
𡴋,8
𡴌,8
𡴍,8
𡶃,8
𡶄,8
𡶅,8
𡶆,8
𡶇,8
𡶈,8
𡶉,8
𡶊,8
𡶋,8
𡶌,8
𡶍,8
𡶎,8
𡶏,8
𡶐,8
𡶑,8
𡶒,8
𡶓,8
𡶔,8
𡶕,8
𡶖,8
𡶗,8
𡶘,8
𡶙,8
𡶚,8
𡶛,8
𡶜,8
𡶝,8
𡶞,8
𡶟,8
𡶠,8
𡶡,8
𡶢,8
𡶣,8
𡶤,8
𡶥,8
𡶦,8
𡶧,8
𡶨,8
𡶩,8
𡶪,8
𡿱,8
𡿲,8
𡿳,8
𡿴,8
𡿵,8
𡿶,8
𢀟,8
𢀷,8
𢀸,8
𢁻,8
𢁼,8
𢁽,8
𢁾,8
𢁿,8
𢂀,8
𢂁,8
𢂂,8
𢂃,8
𢂄,8
𢂅,8
𢂆,8
𢂇,8
𢂈,8
𢂉,8
𢂊,8
𢂋,8
𢂌,8
𢂍,8
𢂎,8
𢂏,8
𢆍,8
𢆎,8
𢆏,8
𢆐,8
𢆻,8
𢆼,8
𢆽,8
𢆾,8
𢇲,8
𢇳,8
𢇴,8
𢇵,8
𢇶,8
𢇷,8
𢇸,8
𢇹,8
𢇺,8
𢇻,8
𢇼,8
𢇽,8
𢇾,8
𢇿,8
𢈀,8
𢈁,8
𢈂,8
𢈃,8
𢈄,8
𢈅,8
𢈆,8
𢌟,8
𢌻,8
𢌽,8
𢌾,8
𢌿,8
𢍀,8
𢍁,8
𢎄,8
𢎅,8
𢏆,8
𢏇,8
𢏈,8
𢏉,8
𢏊,8
𢏋,8
𢏌,8
𢏍,8
𢏎,8
𢏏,8
𢏐,8
𢏑,8
𢏒,8
𢏓,8
𢑔,8
𢑕,8
𢑖,8
𢒉,8
𢒊,8
𢒋,8
𢒌,8
𢒍,8
𢓒,8
𢓓,8
𢓔,8
𢓕,8
𢓖,8
𢓗,8
𢓘,8
𢓙,8
𢓚,8
𢓛,8
𢗿,8
𢘀,8
𢘁,8
𢘂,8
𢘃,8
𢘄,8
𢘅,8
𢘆,8
𢘇,8
𢘈,8
𢘉,8
𢘊,8
𢘋,8
𢘌,8
𢘍,8
𢘎,8
𢘏,8
𢘐,8
𢘑,8
𢘒,8
𢘓,8
𢘔,8
𢘕,8
𢘖,8
𢘗,8
𢘘,8
𢘙,8
𢘚,8
𢘛,8
𢘜,8
𢘝,8
𢘞,8
𢘟,8
𢘠,8
𢘡,8
𢘢,8
𢘣,8
𢘤,8
𢘥,8
𢘦,8
𢘧,8
𢘨,8
𢘩,8
𢘪,8
𢘫,8
𢘬,8
𢘭,8
𢘮,8
𢘯,8
𢘰,8
𢘱,8
𢘲,8
𢘳,8
𢦚,8
𢦛,8
𢦜,8
𢦝,8
𢦞,8
𢦟,8
𢦠,8
𢦡,8
𢦢,8
𢦣,8
𢦤,8
𢦥,8
𢨯,8
𢨰,8
𢨱,8
𢨲,8
𢨳,8
𢨴,8
𢨵,8
𢪴,8
𢪵,8
𢪶,8
𢪷,8
𢪸,8
𢪹,8
𢪺,8
𢪻,8
𢪼,8
𢪽,8
𢪾,8
𢪿,8
𢫀,8
𢫁,8
𢫂,8
𢫃,8
𢫄,8
𢫅,8
𢫆,8
𢫇,8
𢫈,8
𢫉,8
𢫊,8
𢫋,8
𢫌,8
𢫍,8
𢫎,8
𢫏,8
𢫐,8
𢫑,8
𢫒,8
𢫓,8
𢫔,8
𢫕,8
𢫖,8
𢫗,8
𢫘,8
𢫙,8
𢫚,8
𢫛,8
𢫜,8
𢫝,8
𢫞,8
𢫟,8
𢫠,8
𢫡,8
𢫢,8
𢫣,8
𢺷,8
𢺸,8
𢺹,8
𢺺,8
𢺻,8
𢺼,8
𢺽,8
𢻳,8
𢻴,8
𢻵,8
𢻶,8
𢻷,8
𢻸,8
𢻹,8
𢻺,8
𢻻,8
𢻼,8
𢻽,8
𢻾,8
𢻿,8
𢼀,8
𢼁,8
𢼂,8
𢼃,8
𢼄,8
𢼅,8
𢼆,8
𢼇,8
𢼈,8
𣁃,8
𣁄,8
𣁅,8
𣁮,8
𣁯,8
𣁰,8
𣂔,8
𣂕,8
𣂖,8
𣂗,8
𣂘,8
𣃚,8
𣃛,8
𣃜,8
𣅚,8
𣅛,8
𣅜,8
𣅝,8
𣅞,8
𣅟,8
𣅠,8
𣅡,8
𣅢,8
𣅣,8
𣅤,8
𣅥,8
𣅦,8
𣅧,8
𣅨,8
𣅩,8
𣅪,8
𣅫,8
𣅬,8
𣅭,8
𣅮,8
𣅯,8
𣅰,8
𣅱,8
𣅲,8
𣅳,8
𣅴,8
𣅵,8
𣅶,8
𣌣,8
𣌤,8
𣌥,8
𣌦,8
𣍤,8
𣏔,8
𣏕,8
𣏖,8
𣏗,8
𣏘,8
𣏙,8
𣏚,8
𣏛,8
𣏜,8
𣏝,8
𣏞,8
𣏟,8
𣏠,8
𣏡,8
𣏢,8
𣏣,8
𣏤,8
𣏥,8
𣏦,8
𣏧,8
𣏨,8
𣏩,8
𣏪,8
𣏫,8
𣏬,8
𣏭,8
𣏮,8
𣏯,8
𣏰,8
𣏱,8
𣏲,8
𣏳,8
𣏴,8
𣏵,8
𣏶,8
𣏷,8
𣏸,8
𣏹,8
𣏺,8
𣏻,8
𣏼,8
𣏽,8
𣏾,8
𣏿,8
𣐀,8
𣐁,8
𣐂,8
𣐃,8
𣐄,8
𣐅,8
𣐆,8
𣐇,8
𣢉,8
𣢊,8
𣢋,8
𣢌,8
𣢍,8
𣢎,8
𣢏,8
𣢐,8
𣢑,8
𣢒,8
𣢓,8
𣢔,8
𣢕,8
𣢖,8
𣥉,8
𣥍,8
𣥎,8
𣥏,8
𣥐,8
𣥑,8
𣥒,8
𣥓,8
𣥔,8
𣥕,8
𣥖,8
𣥗,8
𣥘,8
𣥙,8
𣥚,8
𣥛,8
𣥜,8
𣥝,8
𣥞,8
𣥟,8
𣥠,8
𣥡,8
𣥥,8
𣧉,8
𣧊,8
𣧋,8
𣧌,8
𣧍,8
𣧎,8
𣧏,8
𣧐,8
𣧑,8
𣧒,8
𣧓,8
𣧔,8
𣧕,8
𣧖,8
𣧗,8
𣧘,8
𣧙,8
𣧚,8
𣧛,8
𣧜,8
𣪂,8
𣪃,8
𣪄,8
𣫯,8
𣫰,8
𣫱,8
𣫲,8
𣬄,8
𣬅,8
𣬆,8
𣬇,8
𣬩,8
𣬪,8
𣬫,8
𣬬,8
𣬭,8
𣬮,8
𣬯,8
𣬰,8
𣬱,8
𣬲,8
𣬳,8
𣬴,8
𣬵,8
𣬶,8
𣬷,8
𣱅,8
𣱆,8
𣱙,8
𣱚,8
𣱛,8
𣲲,8
𣲳,8
𣲴,8
𣲵,8
𣲶,8
𣲷,8
𣲸,8
𣲹,8
𣲺,8
𣲻,8
𣲼,8
𣲽,8
𣲾,8
𣲿,8
𣳀,8
𣳁,8
𣳂,8
𣳃,8
𣳄,8
𣳅,8
𣳆,8
𣳇,8
𣳈,8
𣳉,8
𣳊,8
𣳋,8
𣳌,8
𣳍,8
𣳎,8
𣳏,8
𣳐,8
𣳑,8
𣳒,8
𣳓,8
𣳔,8
𣳕,8
𣳖,8
𣳗,8
𣳘,8
𣳙,8
𣳚,8
𣳛,8
𣳜,8
𣳝,8
𣳞,8
𣳟,8
𣳠,8
𣳡,8
𣳢,8
𣳣,8
𤆝,8
𤆞,8
𤆟,8
𤆠,8
𤆡,8
𤆢,8
𤆣,8
𤆤,8
𤆥,8
𤆦,8
𤆧,8
𤆨,8
𤆩,8
𤆪,8
𤆫,8
𤆬,8
𤆭,8
𤆮,8
𤆯,8
𤆰,8
𤆱,8
𤆲,8
𤆳,8
𤆴,8
𤆵,8
𤆶,8
𤆷,8
𤆸,8
𤆹,8
𤆺,8
𤆻,8
𤓶,8
𤓷,8
𤓸,8
𤓹,8
𤓺,8
𤓻,8
𤓼,8
𤕐,8
𤕑,8
𤕝,8
𤕯,8
𤕰,8
𤕱,8
𤖬,8
𤖭,8
𤖮,8
𤖯,8
𤖰,8
𤘆,8
𤘜,8
𤘝,8
𤘞,8
𤘟,8
𤘠,8
𤘡,8
𤘢,8
𤘣,8
𤘤,8
𤘥,8
𤘦,8
𤘧,8
𤘨,8
𤘩,8
𤘪,8
𤘫,8
𤘬,8
𤘭,8
𤘮,8
𤘯,8
𤘰,8
𤘱,8
𤘲,8
𤘳,8
𤘴,8
𤘵,8
𤘶,8
𤘷,8
𤝏,8
𤝐,8
𤝑,8
𤝒,8
𤝓,8
𤝔,8
𤝕,8
𤝖,8
𤝗,8
𤝘,8
𤝙,8
𤝚,8
𤝛,8
𤝜,8
𤝝,8
𤝞,8
𤝟,8
𤝠,8
𤝡,8
𤝢,8
𤝣,8
𤝤,8
𤝥,8
𤝦,8
𤝧,8
𤝨,8
𤝩,8
𤝪,8
𤝫,8
𤝬,8
𤝭,8
𤣹,8
𤣺,8
𤣻,8
𤣼,8
𤣽,8
𤣾,8
𤣿,8
𤤀,8
𤤁,8
𤤂,8
𤤃,8
𤤄,8
𤤅,8
𤤆,8
𤤇,8
𤤈,8
𤤉,8
𤤊,8
𤤋,8
𤤌,8
𤤍,8
𤤎,8
𤫪,8
𤬨,8
𤬩,8
𤬪,8
𤬫,8
𤮻,8
𤮼,8
𤮽,8
𤮾,8
𤮿,8
𤯀,8
𤯕,8
𤯖,8
𤯗,8
𤰅,8
𤰆,8
𤰝,8
𤰞,8
𤰟,8
𤰠,8
𤰡,8
𤰢,8
𤰣,8
𤰤,8
𤰥,8
𤰦,8
𤰧,8
𤰨,8
𤴖,8
𤴯,8
𤴰,8
𤴱,8
𤴲,8
𤴳,8
𤴴,8
𤴵,8
𤴶,8
𤽂,8
𤽃,8
𤽄,8
𤽅,8
𤽆,8
𤽇,8
𤿈,8
𤿉,8
𤿊,8
𤿋,8
𤿌,8
𤿍,8
𥁁,8
𥁂,8
𥁃,8
𥁄,8
𥁅,8
𥃲,8
𥃳,8
𥃴,8
𥃵,8
𥃶,8
𥃷,8
𥃸,8
𥃹,8
𥃺,8
𥃻,8
𥃼,8
𥃽,8
𥃾,8
𥃿,8
𥄀,8
𥄁,8
𥄂,8
𥍞,8
𥎨,8
𥐝,8
𥐞,8
𥐟,8
𥐠,8
𥐡,8
𥐢,8
𥐣,8
𥐤,8
𥐥,8
𥐦,8
𥐧,8
𥐨,8
𥘕,8
𥘖,8
𥘗,8
𥘘,8
𥘙,8
𥘚,8
𥘛,8
𥘜,8
𥘝,8
𥘞,8
𥘟,8
𥘠,8
𥘡,8
𥘢,8
𥘣,8
𥘤,8
𥘥,8
𥘦,8
𥘧,8
𥘨,8
𥘩,8
𥘪,8
𥜼,8
𥝔,8
𥝕,8
𥝖,8
𥝗,8
𥝘,8
𥝙,8
𥝚,8
𥝛,8
𥝜,8
𥝝,8
𥝞,8
𥝟,8
𥝠,8
𥝡,8
𥝢,8
𥤧,8
𥤨,8
𥤩,8
𥤪,8
𥤫,8
𥤬,8
𥤭,8
𥤮,8
𥤯,8
𥤰,8
𥤱,8
𥤲,8
𥤳,8
𥩗,8
𥩘,8
𥫙,8
𥫚,8
𥫛,8
𥫜,8
𥸧,8
𥸨,8
𥸩,8
𥸪,8
𥾅,8
𥾆,8
𥾇,8
𥾈,8
𥾉,8
𥾊,8
𥾋,8
𦈈,8
𦉷,8
𦉸,8
𦉹,8
𦉺,8
𦉻,8
𦉼,8
𦉽,8
𦉾,8
𦉿,8
𦊀,8
𦍎,8
𦍏,8
𦍐,8
𦏲,8
𦒳,8
𦒴,8
𦒵,8
𦓎,8
𦓏,8
𦓑,8
𦓥,8
𦓦,8
𦓧,8
𦔯,8
𦔰,8
𦔱,8
𦔲,8
𦔳,8
𦔴,8
𦔵,8
𦔶,8
𦘓,8
𦘿,8
𦙀,8
𦙁,8
𦙂,8
𦙃,8
𦙄,8
𦙅,8
𦙆,8
𦙇,8
𦙈,8
𦙉,8
𦙊,8
𦙋,8
𦙌,8
𦙍,8
𦙎,8
𦙏,8
𦙐,8
𦙑,8
𦙒,8
𦙓,8
𦙔,8
𦙕,8
𦙖,8
𦙗,8
𦙘,8
𦙙,8
𦙚,8
𦙛,8
𦙜,8
𦙝,8
𦙞,8
𦙟,8
𦙠,8
𦙡,8
𦙢,8
𦙣,8
𦙤,8
𦙥,8
𦙦,8
𦙧,8
𦙨,8
𦙩,8
𦣽,8
𦤵,8
𦥕,8
𦥖,8
𦥙,8
𦨈,8
𦨉,8
𦨊,8
𦨋,8
𦨌,8
𦨍,8
𦬓,8
𦬔,8
𦬕,8
𦬖,8
𦬗,8
𦬘,8
𦬙,8
𦬚,8
𦬛,8
𦬜,8
𦬝,8
𦬞,8
𦬟,8
𦬠,8
𦬡,8
𦬢,8
𦬣,8
𦬤,8
𦬥,8
𦬦,8
𦬧,8
𦬨,8
𦬩,8
𦬪,8
𦬫,8
𦬬,8
𦬭,8
𦬮,8
𦬯,8
𦬰,8
𦬱,8
𦬲,8
𦬳,8
𦬴,8
𦬵,8
𦬶,8
𧆛,8
𧈟,8
𧈠,8
𧈡,8
𧈢,8
𧈣,8
𧈤,8
𧈥,8
𧈦,8
𧈧,8
𧖧,8
𧖨,8
𧖩,8
𧗝,8
𧗞,8
𧗟,8
𧗠,8
𧘍,8
𧘎,8
𧘏,8
𧘐,8
𧘑,8
𧘒,8
𧘓,8
𧘔,8
𧘕,8
𧘖,8
𧘗,8
𧘘,8
𧘙,8
𧘚,8
𧘛,8
𧘜,8
𧟣,8
𧠆,8
𧠇,8
𧢳,8
𧥝,8
𧥞,8
𧥟,8
𧰦,8
𧲠,8
𧹑,8
𧹘,8
𧺇,8
𧾸,8
𧾹,8
𨐅,8
𨐆,8
𨐌,8
𨒂,8
𨒃,8
𨒄,8
𨒅,8
𨒆,8
𨒇,8
𨒈,8
𨒉,8
𨒊,8
𨒋,8
𨒌,8
𨒍,8
𨒎,8
𨒏,8
𨒐,8
𨒑,8
𨒒,8
𨒓,8
𨒔,8
𨒕,8
𨒖,8
𨒗,8
𨒘,8
𨒙,8
𨒚,8
𨒛,8
𨒜,8
𨒝,8
𨒞,8
𨒟,8
𨒠,8
𨒡,8
𨒢,8
𨒣,8
𨒤,8
𨚯,8
𨚰,8
𨚱,8
𨚲,8
𨚳,8
𨚴,8
𨚵,8
𨚶,8
𨚷,8
𨚸,8
𨚹,8
𨚺,8
𨚻,8
𨚼,8
𨚽,8
𨚾,8
𨚿,8
𨛀,8
𨛁,8
𨛂,8
𨛃,8
𨛄,8
𨛅,8
𨛆,8
𨛇,8
𨛈,8
𨛉,8
𨛊,8
𨰾,8
𨰿,8
𨳇,8
𨳈,8
𨹁,8
𨹂,8
𨹃,8
𨹄,8
𨹅,8
𨹆,8
𨹇,8
𨹈,8
𨹉,8
𨹊,8
𨹋,8
𨹌,8
𨹍,8
𨹎,8
𨹏,8
𨹐,8
𨹑,8
𨹒,8
𨹓,8
𨹔,8
𨹕,8
𨹖,8
𨹗,8
𩏼,8
𩙿,8
𩚀,8
𩚁,8
𩚃,8
𩠁,8
𩠂,8
𩧧,8
𩧨,8
𩧩,8
𩧪,8
𩧫,8
𩧬,8
𩧭,8
𩧯,8
𪯲,8
𪻐,8
𫂱,8
𫍢,8
𫝓,8
𫞯,8
𫟉,8
龺,8
鿆,8
鿇,8
𪜃,8
𪜋,8
𪜔,8
𪜵,8
𪜶,8
𪜷,8
𪜸,8
𪜹,8
𪜺,8
𪝿,8
𪞑,8
𪞞,8
𪞷,8
𪟃,8
𪟄,8
𪟅,8
𪟚,8
𪟛,8
𪠁,8
𪠅,8
𪠆,8
𪠧,8
𪠨,8
𪠶,8
𪠷,8
𪠸,8
𪠹,8
𪢩,8
𪣃,8
𪣄,8
𪣅,8
𪣆,8
𪣇,8
𪣈,8
𪣉,8
𪣊,8
𪤸,8
𪥇,8
𪥈,8
𪥉,8
𪥊,8
𪥋,8
𪥌,8
𪥭,8
𪥮,8
𪥯,8
𪥰,8
𪦺,8
𪧈,8
𪧉,8
𪨀,8
𪨌,8
𪨩,8
𪨪,8
𪨫,8
𪨬,8
𪨭,8
𪨮,8
𪩫,8
𪪎,8
𪪏,8
𪪴,8
𪪻,8
𪫌,8
𪫦,8
𪫧,8
𪫨,8
𪫩,8
𪫪,8
𪫫,8
𪫬,8
𪭤,8
𪭥,8
𪭦,8
𪭧,8
𪭨,8
𪭩,8
𪭪,8
𪯆,8
𪯈,8
𪯡,8
𪯢,8
𪯱,8
𪯳,8
𪰈,8
𪰉,8
𪰊,8
𪰋,8
𪰌,8
𪰍,8
𪰎,8
𪱛,8
𪱶,8
𪱷,8
𪱸,8
𪱹,8
𪴩,8
𪴵,8
𪵗,8
𪵘,8
𪵣,8
𪵱,8
𪵲,8
𪵳,8
𪵴,8
𪵵,8
𪵶,8
𪸑,8
𪸒,8
𪸓,8
𪸔,8
𪸕,8
𪸖,8
𪸗,8
𪺝,8
𪺧,8
𪺸,8
𪻎,8
𪻏,8
𪻑,8
𪻒,8
𪻓,8
𪻔,8
𪼳,8
𪼶,8
𪽈,8
𪾆,8
𪾟,8
𪾠,8
𫀂,8
𫀃,8
𫀧,8
𫁞,8
𫁰,8
𫂲,8
𫃚,8
𫃛,8
𫄞,8
𫄟,8
𫅀,8
𫅎,8
𫆀,8
𫆖,8
𫆗,8
𫆘,8
𫇔,8
𫇩,8
𫇪,8
𫇫,8
𫇬,8
𫇭,8
𫊤,8
𫍣,8
𫍤,8
𫍥,8
𫍦,8
𫎅,8
𫐇,8
𫐢,8
𫐣,8
𫐤,8
𫑜,8
𫓦,8
𫔰,8
𫔾,8
𫔿,8
𫕀,8
𫖑,8
𫗇,8
𫗡,8
𫗢,8
𫗣,8
𫘞,8
𫘟,8
𫝇,8
𫝈,8
𫝺,8
𫞈,8
𫞣,8
𫞥,8
𫟳,8
𫠂,8
𫠇,8
𫠊,8
是,9
说,9
要,9
种,9
面,9
看,9
前,9
点,9
将,9
很,9
重,9
战,9
政,9
美,9
相,9
信,9
给,9
度,9
活,9
神,9
总,9
结,9
指,9
统,9
保,9
便,9
科,9
界,9
思,9
南,9
品,9
类,9
觉,9
院,9
带,9
持,9
济,9
亲,9
怎,9
城,9
复,9
须,9
研,9
查,9
轻,9
除,9
显,9
标,9
首,9
突,9
费,9
语,9
选,9
响,9
虽,9
某,9
革,9
律,9
派,9
孩,9
星,9
音,9
施,9
型,9
绝,9
段,9
项,9
故,9
按,9
客,9
举,9
帝,9
威,9
甚,9
独,9
哪,9
送,9
急,9
药,9
适,9
省,9
食,9
险,9
待,9
树,9
洲,9
室,9
哈,9
退,9
既,9
差,9
修,9
挥,9
胜,9
皇,9
养,9
追,9
帮,9
宣,9
香,9
穿,9
背,9
草,9
洋,9
胡,9
闻,9
临,9
亮,9
架,9
括,9
误,9
测,9
屋,9
剑,9
封,9
贵,9
钟,9
炮,9
春,9
庭,9
顺,9
毒,9
俄,9
炸,9
洛,9
宫,9
荣,9
逃,9
洞,9
祖,9
骨,9
鬼,9
侵,9
贸,9
迹,9
促,9
络,9
染,9
怒,9
残,9
秋,9
迷,9
赵,9
勇,9
罚,9
拜,9
冒,9
挂,9
奖,9
厚,9
洗,9
咱,9
茶,9
恨,9
恰,9
挑,9
珍,9
映,9
荒,9
胞,9
洪,9
胆,9
津,9
俗,9
恢,9
盾,9
耐,9
皆,9
荡,9
骂,9
贴,9
眉,9
挺,9
昨,9
宪,9
绕,9
洁,9
勃,9
奏,9
疯,9
柳,9
柔,9
俩,9
牲,9
娜,9
浓,9
脉,9
柏,9
狱,9
贷,9
叙,9
钢,9
尝,9
幽,9
怨,9
泉,9
祝,9
狠,9
咬,9
挤,9
弯,9
牵,9
阁,9
贺,9
柱,9
逊,9
恼,9
诱,9
冠,9
峡,9
扁,9
哀,9
烂,9
侯,9
炼,9
恒,9
玻,9
叛,9
兹,9
疫,9
削,9
绘,9
契,9
拼,9
娃,9
赴,9
俊,9
玲,9
挖,9
挣,9
览,9
屏,9
胖,9
姿,9
柯,9
挡,9
茨,9
茫,9
胃,9
拾,9
逆,9
胎,9
浑,9
亭,9
姻,9
狭,9
秒,9
咽,9
盆,9
畏,9
俘,9
勉,9
栏,9
窃,9
盈,9
後,9
钦,9
娇,9
矩,9
盼,9
虹,9
枯,9
昭,9
挪,9
狮,9
砍,9
歪,9
柄,9
骄,9
钩,9
耍,9
厘,9
饶,9
洒,9
姨,9
郡,9
姚,9
勋,9
砖,9
饼,9
陡,9
哑,9
荐,9
炭,9
眨,9
咳,9
昧,9
姜,9
鸦,9
巷,9
咨,9
垒,9
绑,9
哇,9
衍,9
轴,9
卸,9
钥,9
哗,9
竖,9
钧,9
哄,9
蚁,9
哟,9
咸,9
恍,9
骇,9
荆,9
珊,9
诵,9
彦,9
拱,9
贱,9
垫,9
奎,9
侮,9
蚀,9
氢,9
钞,9
昼,9
虐,9
陛,9
荫,9
狡,9
阀,9
绞,9
垮,9
绒,9
钮,9
烁,9
栋,9
砂,9
咧,9
咯,9
拯,9
哉,9
茵,9
诫,9
挠,9
挟,9
缸,9
胧,9
浏,9
虾,9
骆,9
浇,9
姥,9
娅,9
俏,9
蚂,9
禹,9
俭,9
胚,9
炯,9
竿,9
垣,9
钙,9
宦,9
趴,9
珀,9
浊,9
栅,9
徊,9
奕,9
怠,9
垦,9
洽,9
峙,9
柬,9
疤,9
禺,9
钝,9
诬,9
咦,9
疮,9
郝,9
茜,9
饷,9
饵,9
殆,9
拴,9
狩,9
栈,9
笃,9
恤,9
恃,9
砌,9
洼,9
炳,9
拷,9
哆,9
拽,9
俞,9
炽,9
垢,9
剃,9
炫,9
迸,9
陨,9
闽,9
咪,9
祠,9
屎,9
拭,9
茸,9
闺,9
柿,9
鸥,9
甭,9
荧,9
酋,9
恺,9
毗,9
毡,9
钠,9
袄,9
恪,9
贻,9
诲,9
茹,9
俨,9
殃,9
帧,9
俐,9
籽,9
剌,9
哝,9
俟,9
茧,9
胥,9
珂,9
饺,9
皈,9
矜,9
笈,9
枷,9
荀,9
氟,9
挝,9
绚,9
恬,9
衹,9
哒,9
荃,9
涎,9
疣,9
峦,9
茬,9
浒,9
珑,9
泵,9
叟,9
荔,9
轲,9
钡,9
贰,9
恻,9
诰,9
眈,9
胤,9
绛,9
盅,9
挎,9
荟,9
阂,9
垛,9
茗,9
轶,9
狰,9
荪,9
娄,9
蚤,9
玷,9
徇,9
昵,9
恫,9
荚,9
耷,9
砚,9
洵,9
祛,9
闾,9
洄,9
咫,9
匍,9
祗,9
胫,9
盹,9
韭,9
柠,9
荨,9
胄,9
柑,9
祐,9
孪,9
荤,9
飒,9
钛,9
钚,9
垠,9
洌,9
咻,9
俚,9
俑,9
骁,9
荩,9
癸,9
弈,9
逅,9
峋,9
袂,9
诳,9
荭,9
俦,9
挞,9
恸,9
赳,9
庠,9
拮,9
咣,9
柚,9
骈,9
柩,9
枸,9
虻,9
昱,9
囿,9
钜,9
垩,9
诮,9
峒,9
栉,9
洹,9
俪,9
竑,9
衲,9
姣,9
斫,9
闿,9
宥,9
恽,9
胛,9
哂,9
栎,9
咤,9
胪,9
贲,9
咿,9
怼,9
茯,9
轱,9
咩,9
郢,9
砭,9
胝,9
酊,9
剐,9
祚,9
骅,9
郧,9
钨,9
闼,9
羿,9
弭,9
浔,9
爰,9
昶,9
俎,9
烃,9
俣,9
竽,9
姘,9
砒,9
峥,9
浃,9
祜,9
鸨,9
哐,9
疥,9
荞,9
荥,9
毖,9
珈,9
虼,9
珏,9
郛,9
胍,9
钤,9
枰,9
咭,9
洱,9
恂,9
郦,9
鸩,9
莒,9
恹,9
殇,9
峤,9
砉,9
風,9
曷,9
柞,9
绔,9
荛,9
姹,9
庥,9
枳,9
垭,9
舢,9
柢,9
呲,9
茴,9
胨,9
栀,9
炷,9
哔,9
牯,9
珐,9
钪,9
玳,9
朐,9
畈,9
茱,9
訇,9
徉,9
氡,9
洙,9
胗,9
轸,9
轳,9
诶,9
虺,9
虿,9
咴,9
娆,9
柘,9
砗,9
罘,9
胂,9
哞,9
洳,9
俅,9
洮,9
荏,9
垡,9
昴,9
枵,9
荠,9
钣,9
瓴,9
窀,9
钭,9
紅,9
衽,9
哌,9
衿,9
陟,9
狯,9
狲,9
泶,9
胙,9
祕,9
籼,9
钫,9
钯,9
炱,9
哙,9
炻,9
眇,9
砜,9
逄,9
栌,9
約,9
垴,9
殄,9
祢,9
哏,9
姝,9
畋,9
窆,9
茭,9
垓,9
胩,9
荦,9
俜,9
柙,9
砘,9
秭,9
荈,9
哓,9
郜,9
顸,9
洇,9
計,9
垧,9
娈,9
砑,9
荑,9
秕,9
畎,9
栊,9
祏,9
柰,9
烀,9
珉,9
祓,9
觇,9
彖,9
扃,9
昝,9
級,9
茛,9
荇,9
郗,9
荜,9
柽,9
洎,9
迴,9
浍,9
哚,9
疬,9
拶,9
飛,9
郤,9
陠,9
柝,9
矧,9
舁,9
負,9
钬,9
殂,9
茲,9
柒,9
迻,9
饸,9
眍,9
紀,9
轹,9
饹,9
眄,9
眊,9
袆,9
轺,9
垤,9
洫,9
茖,9
诪,9
陣,9
骃,9
埏,9
柁,9
绖,9
胠,9
贳,9
贶,9
茈,9
洧,9
舡,9
茼,9
觔,9
訄,9
钘,9
飑,9
軌,9
郙,9
陧,9
哕,9
盇,9
羑,9
茺,9
莛,9
轵,9
洚,9
祔,9
訂,9
貞,9
軍,9
挢,9
秬,9
荅,9
頁,9
哜,9
茷,9
陞,9
胊,9
荄,9
袀,9
郞,9
陙,9
柃,9
眆,9
秔,9
紃,9
耎,9
荬,9
莚,9
衂,9
袇,9
訃,9
迺,9
陗,9
盻,9
盿,9
眅,9
県,9
砛,9
胑,9
臿,9
舣,9
茍,9
茢,9
茽,9
荖,9
荘,9
衼,9
訅,9
訆,9
陜,9
陝,9
韨,9
飐,9
㳠,9
垌,9
垲,9
尜,9
狨,9
盽,9
眀,9
眃,9
砏,9
祙,9
秌,9
穽,9
竒,9
竾,9
笀,9
紂,9
紇,9
绗,9
羗,9
耇,9
耑,9
茞,9
茿,9
荊,9
荙,9
荢,9
荮,9
虵,9
衸,9
觓,9
赲,9
轷,9
逇,9
郟,9
釔,9
饻,9
鸧,9
㐜,9
㐝,9
㐞,9
㐟,9
㐠,9
㑗,9
㑘,9
㑙,9
㑚,9
㑛,9
㑜,9
㑝,9
㑞,9
㑟,9
㑠,9
㑡,9
㑢,9
㒸,9
㓂,9
㓎,9
㓏,9
㓧,9
㓨,9
㓩,9
㓪,9
㓫,9
㔜,9
㕊,9
㕟,9
㖀,9
㖁,9
㖂,9
㖃,9
㖄,9
㖅,9
㖆,9
㖇,9
㖈,9
㖉,9
㖊,9
㖋,9
㖌,9
㖍,9
㖎,9
㘢,9
㘶,9
㘷,9
㘸,9
㘹,9
㘺,9
㘻,9
㘼,9
㘽,9
㘾,9
㚅,9
㚆,9
㚇,9
㚚,9
㚛,9
㛂,9
㛃,9
㛄,9
㛅,9
㛆,9
㛇,9
㛈,9
㛉,9
㛊,9
㛋,9
㛌,9
㝁,9
㝓,9
㝔,9
㝕,9
㝖,9
㞀,9
㞁,9
㞒,9
㞓,9
㞔,9
㞕,9
㞖,9
㟄,9
㟅,9
㟆,9
㡁,9
㡂,9
㡃,9
㡄,9
㡅,9
㡆,9
㡼,9
㡽,9
㡾,9
㡿,9
㢀,9
㢁,9
㢂,9
㢥,9
㢲,9
㢳,9
㢴,9
㢵,9
㢶,9
㢷,9
㣚,9
㣛,9
㣜,9
㣝,9
㣞,9
㣟,9
㣠,9
㣡,9
㤍,9
㤎,9
㤗,9
㤙,9
㤚,9
㤛,9
㤜,9
㤝,9
㤞,9
㤡,9
㤢,9
㤤,9
㤥,9
㤦,9
㤧,9
㤨,9
㤬,9
㤭,9
㤺,9
㦳,9
㧁,9
㧂,9
㧘,9
㧡,9
㧢,9
㧣,9
㧤,9
㧥,9
㧦,9
㧧,9
㧨,9
㧩,9
㧪,9
㧫,9
㧮,9
㧯,9
㧰,9
㪃,9
㪄,9
㪅,9
㪆,9
㪵,9
㪼,9
㪽,9
㫆,9
㫛,9
㫜,9
㫝,9
㫞,9
㫟,9
㫠,9
㫡,9
㫢,9
㫣,9
㫤,9
㭑,9
㭒,9
㭓,9
㭔,9
㭕,9
㭖,9
㭗,9
㰣,9
㰤,9
㰥,9
㰦,9
㰧,9
㰨,9
㱒,9
㱓,9
㱔,9
㱞,9
㱟,9
㱠,9
㲋,9
㲒,9
㳖,9
㳗,9
㳘,9
㳙,9
㳚,9
㳛,9
㳜,9
㳝,9
㳞,9
㳡,9
㳢,9
㳣,9
㶫,9
㶬,9
㶭,9
㶮,9
㶯,9
㶰,9
㶱,9
㶲,9
㸖,9
㸛,9
㸰,9
㸱,9
㸲,9
㸳,9
㸴,9
㹫,9
㹬,9
㹭,9
㹮,9
㹯,9
㹰,9
㺱,9
㺷,9
㺹,9
㺺,9
㺻,9
㺼,9
㺽,9
㺾,9
㼉,9
㼊,9
㼚,9
㼛,9
㽘,9
㽙,9
㽚,9
㽷,9
㽸,9
㽹,9
㽺,9
㽻,9
㽼,9
㿞,9
㿫,9
㿬,9
㿼,9
㿽,9
䀕,9
䀖,9
䀗,9
䀘,9
䀙,9
䀚,9
䀛,9
䀜,9
䀝,9
䀞,9
䂇,9
䂚,9
䂛,9
䂜,9
䂝,9
䂞,9
䃽,9
䃾,9
䃿,9
䄀,9
䄮,9
䄯,9
䄰,9
䄱,9
䄲,9
䄳,9
䄴,9
䄵,9
䆓,9
䆔,9
䆕,9
䆖,9
䇅,9
䇆,9
䇖,9
䉺,9
䊶,9
䊷,9
䊸,9
䊹,9
䌶,9
䍂,9
䍑,9
䍒,9
䍓,9
䍔,9
䎛,9
䎟,9
䎠,9
䎢,9
䏞,9
䏟,9
䏠,9
䏡,9
䏢,9
䏣,9
䏤,9
䏥,9
䑒,9
䑡,9
䑢,9
䑣,9
䒊,9
䒕,9
䒖,9
䒗,9
䒘,9
䒙,9
䖉,9
䖞,9
䖟,9
䖠,9
䘏,9
䘜,9
䘝,9
䘞,9
䙲,9
䚮,9
䚯,9
䚰,9
䜪,9
䟓,9
䟔,9
䡂,9
䡃,9
䡄,9
䢂,9
䢐,9
䢑,9
䢻,9
䢼,9
䢾,9
䢿,9
䣀,9
䣁,9
䣂,9
䣥,9
䣦,9
䧄,9
䧅,9
䧆,9
䧇,9
䧈,9
乗,9
乹,9
乺,9
乻,9
乼,9
亯,9
亰,9
亱,9
侰,9
侱,9
侲,9
侳,9
侴,9
侶,9
侷,9
侸,9
侺,9
侻,9
侼,9
侽,9
侾,9
俀,9
俁,9
係,9
俆,9
俇,9
俈,9
俉,9
俋,9
俌,9
俍,9
俒,9
俓,9
俔,9
俕,9
俖,9
俙,9
俛,9
俠,9
俤,9
俥,9
俧,9
俫,9
俬,9
兗,9
兘,9
兙,9
兪,9
冑,9
冟,9
凁,9
凂,9
凃,9
凾,9
剄,9
剅,9
則,9
剈,9
剉,9
剋,9
剎,9
剏,9
勀,9
勁,9
勂,9
勄,9
勅,9
勈,9
勊,9
匧,9
匨,9
匩,9
匽,9
単,9
卻,9
卼,9
卽,9
厖,9
厗,9
厙,9
厛,9
叚,9
叜,9
叝,9
呰,9
咟,9
咠,9
咡,9
咢,9
咥,9
咮,9
咰,9
咲,9
咵,9
咶,9
咷,9
咹,9
咺,9
咾,9
哃,9
哅,9
哊,9
哋,9
哖,9
哘,9
哛,9
唌,9
圀,9
垍,9
垎,9
垏,9
垐,9
垑,9
垔,9
垕,9
垖,9
垗,9
垘,9
垙,9
垚,9
垜,9
垝,9
垞,9
垟,9
垥,9
垨,9
垪,9
垬,9
垯,9
垰,9
垱,9
垳,9
垵,9
垹,9
埅,9
埩,9
壴,9
壵,9
夈,9
変,9
奊,9
奐,9
奒,9
奓,9
姕,9
姙,9
姛,9
姞,9
姟,9
姠,9
姡,9
姢,9
姤,9
姦,9
姧,9
姩,9
姪,9
姫,9
姭,9
姮,9
姯,9
姰,9
姱,9
姲,9
姳,9
姴,9
姵,9
姶,9
姷,9
姸,9
姺,9
姼,9
姽,9
姾,9
娀,9
娂,9
娍,9
娗,9
娫,9
娰,9
婙,9
孨,9
宨,9
宩,9
宬,9
専,9
尛,9
尮,9
尯,9
屌,9
屍,9
峆,9
峇,9
峈,9
峉,9
峊,9
峌,9
峍,9
峎,9
峏,9
峐,9
峑,9
峓,9
峔,9
峕,9
峖,9
峗,9
峘,9
峚,9
峛,9
峜,9
峝,9
峞,9
峟,9
峠,9
峢,9
峣,9
峧,9
峫,9
峸,9
巬,9
巭,9
巹,9
巺,9
巻,9
帞,9
帟,9
帠,9
帡,9
帢,9
帣,9
帤,9
帥,9
庛,9
庡,9
庢,9
庣,9
庤,9
庰,9
廽,9
弇,9
弫,9
弮,9
彥,9
徆,9
徍,9
徔,9
怘,9
怣,9
怤,9
怱,9
怷,9
怸,9
怹,9
恀,9
恄,9
恅,9
恆,9
恇,9
恈,9
恉,9
恊,9
恌,9
恎,9
恑,9
恓,9
恔,9
恗,9
恘,9
恛,9
恜,9
恞,9
恟,9
恠,9
恡,9
恦,9
恮,9
恱,9
恲,9
恾,9
扂,9
拏,9
拪,9
拫,9
拰,9
拵,9
拸,9
拹,9
拺,9
拻,9
挀,9
挃,9
挄,9
挅,9
挆,9
挊,9
挋,9
挌,9
挍,9
挏,9
挒,9
挓,9
挔,9
挕,9
挗,9
挘,9
挜,9
挦,9
挧,9
挷,9
挻,9
捓,9
捛,9
攱,9
敀,9
敁,9
敂,9
敃,9
敄,9
斪,9
斾,9
斿,9
旀,9
昚,9
昜,9
昞,9
昡,9
昢,9
昣,9
昤,9
昦,9
昩,9
昪,9
昫,9
昬,9
昮,9
昰,9
昲,9
昳,9
昷,9
昸,9
昹,9
昺,9
昻,9
昽,9
昿,9
朎,9
朏,9
朑,9
枮,9
枱,9
枲,9
枴,9
枹,9
枺,9
枻,9
枼,9
枾,9
枿,9
柀,9
柂,9
柅,9
柆,9
柇,9
柈,9
柊,9
柋,9
柌,9
柍,9
柎,9
柕,9
柖,9
柗,9
柛,9
柟,9
柣,9
柤,9
柦,9
柧,9
柨,9
柪,9
柫,9
柭,9
柮,9
柲,9
柵,9
柶,9
柷,9
柸,9
柺,9
査,9
柼,9
柾,9
栁,9
栂,9
栃,9
栄,9
栆,9
栍,9
栐,9
桏,9
桒,9
桞,9
欨,9
欩,9
欪,9
殅,9
殶,9
毘,9
毠,9
氞,9
氠,9
沗,9
沯,9
泚,9
泴,9
泿,9
洀,9
洂,9
洃,9
洅,9
洆,9
洈,9
洉,9
洊,9
洏,9
洐,9
洑,9
洓,9
洔,9
洕,9
洘,9
洝,9
洟,9
洠,9
洡,9
洢,9
洣,9
洤,9
洦,9
洨,9
洩,9
洬,9
洭,9
洴,9
洶,9
洷,9
洸,9
洺,9
洿,9
浀,9
浂,9
浄,9
浈,9
浉,9
浌,9
浐,9
浕,9
涏,9
炟,9
炠,9
炡,9
炢,9
炣,9
炤,9
炥,9
炦,9
炧,9
炨,9
炩,9
炪,9
炰,9
炲,9
炴,9
炵,9
炶,9
為,9
炾,9
炿,9
爮,9
爯,9
爼,9
牁,9
牉,9
牊,9
牭,9
牮,9
牰,9
牱,9
牳,9
牴,9
狊,9
狟,9
狢,9
狣,9
狤,9
狥,9
狦,9
狧,9
狪,9
狫,9
狿,9
玅,9
玴,9
玵,9
玶,9
玸,9
玹,9
玽,9
玾,9
玿,9
珃,9
珄,9
珅,9
珆,9
珇,9
珋,9
珌,9
珎,9
瓱,9
瓳,9
瓵,9
甠,9
甮,9
畆,9
畇,9
畉,9
畊,9
畍,9
畐,9
畑,9
畒,9
畓,9
疢,9
疦,9
疧,9
疨,9
疩,9
疪,9
疭,9
疺,9
癹,9
発,9
皅,9
皍,9
盃,9
盄,9
盶,9
盷,9
盺,9
眂,9
矦,9
矨,9
砃,9
砄,9
砅,9
砆,9
砇,9
砈,9
砊,9
砋,9
砎,9
砓,9
砕,9
砙,9
祍,9
祑,9
祒,9
秎,9
秏,9
秐,9
秓,9
秖,9
秗,9
穼,9
穾,9
窂,9
竐,9
竓,9
竔,9
竕,9
竗,9
竼,9
笁,9
笂,9
籷,9
籸,9
籹,9
籺,9
籾,9
籿,9
粀,9
粁,9
粂,9
紁,9
紆,9
紈,9
紉,9
羍,9
羏,9
羾,9
耉,9
耏,9
耔,9
胅,9
胇,9
胈,9
胉,9
胋,9
胐,9
胒,9
胓,9
胕,9
胘,9
胟,9
胢,9
胣,9
胦,9
舤,9
芔,9
茘,9
茙,9
茟,9
茠,9
茡,9
茤,9
茥,9
茦,9
茩,9
茪,9
茮,9
茰,9
茳,9
荁,9
荂,9
荋,9
荌,9
荍,9
荎,9
荓,9
荕,9
荗,9
荝,9
荿,9
虳,9
虴,9
虶,9
虷,9
虸,9
蚃,9
衁,9
衎,9
衭,9
衯,9
衳,9
衴,9
衵,9
衶,9
衻,9
覌,9
貟,9
迵,9
迶,9
迼,9
迾,9
迿,9
逈,9
郖,9
郚,9
郠,9
郣,9
郥,9
釓,9
閁,9
閂,9
陖,9
陘,9
陥,9
陦,9
韋,9
骉,9
鳬,9
契,9
洛,9
陋,9
便,9
省,9
拾,9
亮,9
咽,9
玲,9
柳,9
律,9
度,9
洞,9
降,9
𠀵,9
𠀶,9
𠀷,9
𠀸,9
𠀹,9
𠀺,9
𠀻,9
𠁭,9
𠁮,9
𠁯,9
𠂴,9
𠂷,9
𠂸,9
𠃲,9
𠃳,9
𠃴,9
𠃵,9
𠃶,9
𠃷,9
𠄰,9
𠄱,9
𠄲,9
𠄳,9
𠄴,9
𠅓,9
𠅔,9
𠅕,9
𠈭,9
𠈮,9
𠈯,9
𠈰,9
𠈱,9
𠈲,9
𠈳,9
𠈴,9
𠈵,9
𠈶,9
𠈷,9
𠈸,9
𠈹,9
𠈺,9
𠈻,9
𠈼,9
𠈽,9
𠈾,9
𠈿,9
𠉀,9
𠉁,9
𠉂,9
𠉃,9
𠉄,9
𠉅,9
𠉆,9
𠉇,9
𠉈,9
𠉉,9
𠉊,9
𠉋,9
𠉌,9
𠉍,9
𠉎,9
𠉏,9
𠉐,9
𠉑,9
𠉒,9
𠉓,9
𠉔,9
𠉕,9
𠉖,9
𠉗,9
𠉘,9
𠉙,9
𠉚,9
𠉛,9
𠉜,9
𠉝,9
𠉞,9
𠉟,9
𠉠,9
𠉡,9
𠉢,9
𠒌,9
𠒍,9
𠒎,9
𠒏,9
𠓪,9
𠓫,9
𠓬,9
𠔒,9
𠔓,9
𠔔,9
𠔕,9
𠔖,9
𠔗,9
𠔘,9
𠕛,9
𠕜,9
𠖇,9
𠖈,9
𠖉,9
𠖊,9
𠖋,9
𠗈,9
𠗉,9
𠗊,9
𠗋,9
𠗌,9
𠗍,9
𠗎,9
𠗏,9
𠗐,9
𠗑,9
𠗒,9
𠗓,9
𠗔,9
𠗕,9
𠗖,9
𠗗,9
𠙏,9
𠙐,9
𠙑,9
𠚎,9
𠚏,9
𠚐,9
𠚑,9
𠜐,9
𠜑,9
𠜒,9
𠜓,9
𠜔,9
𠜕,9
𠜖,9
𠜗,9
𠜘,9
𠜙,9
𠜚,9
𠜛,9
𠜜,9
𠜝,9
𠜞,9
𠜟,9
𠜠,9
𠜡,9
𠜢,9
𠜣,9
𠜤,9
𠜥,9
𠜦,9
𠜧,9
𠜨,9
𠜩,9
𠜪,9
𠜫,9
𠜬,9
𠜭,9
𠜮,9
𠜯,9
𠜰,9
𠡞,9
𠡟,9
𠡠,9
𠡡,9
𠡢,9
𠡣,9
𠡤,9
𠡥,9
𠡦,9
𠡧,9
𠡨,9
𠡩,9
𠡪,9
𠣞,9
𠣟,9
𠣠,9
𠣡,9
𠣢,9
𠣣,9
𠤗,9
𠤘,9
𠤙,9
𠤚,9
𠤛,9
𠤜,9
𠤝,9
𠤼,9
𠤽,9
𠤾,9
𠤿,9
𠥀,9
𠥁,9
𠥂,9
𠥃,9
𠥄,9
𠥅,9
𠥆,9
𠥇,9
𠥈,9
𠥴,9
𠥵,9
𠧩,9
𠧪,9
𠧫,9
𠧬,9
𠧭,9
𠧮,9
𠧯,9
𠧰,9
𠧱,9
𠧲,9
𠨙,9
𠨚,9
𠨛,9
𠨜,9
𠨝,9
𠩗,9
𠩘,9
𠩙,9
𠩚,9
𠩛,9
𠩜,9
𠩝,9
𠩞,9
𠩟,9
𠩠,9
𠩡,9
𠩢,9
𠩣,9
𠩤,9
𠩥,9
𠩦,9
𠫰,9
𠫱,9
𠫲,9
𠫳,9
𠫴,9
𠫵,9
𠫶,9
𠫷,9
𠫸,9
𠬿,9
𠭀,9
𠭁,9
𠭂,9
𠭃,9
𠭄,9
𠭅,9
𠭆,9
𠭇,9
𠭈,9
𠭉,9
𠱐,9
𠱑,9
𠱒,9
𠱓,9
𠱔,9
𠱕,9
𠱖,9
𠱗,9
𠱘,9
𠱙,9
𠱚,9
𠱛,9
𠱜,9
𠱝,9
𠱞,9
𠱟,9
𠱠,9
𠱡,9
𠱢,9
𠱣,9
𠱤,9
𠱥,9
𠱦,9
𠱧,9
𠱨,9
𠱩,9
𠱪,9
𠱫,9
𠱬,9
𠱭,9
𠱮,9
𠱯,9
𠱰,9
𠱱,9
𠱲,9
𠱳,9
𠱴,9
𠱵,9
𠱶,9
𠱷,9
𠱸,9
𠱹,9
𠱺,9
𠱻,9
𠱼,9
𠱽,9
𠱾,9
𠱿,9
𠲀,9
𠲁,9
𠲂,9
𠲃,9
𠲄,9
𠲅,9
𠲆,9
𠲇,9
𠲈,9
𠲉,9
𠲊,9
𠲋,9
𠲌,9
𠲍,9
𠲎,9
𠲏,9
𠲐,9
𠲑,9
𠲒,9
𠲓,9
𠲔,9
𠲕,9
𠲖,9
𠲗,9
𠲘,9
𠲙,9
𠲚,9
𠲛,9
𠲜,9
𠲝,9
𠲞,9
𠲟,9
𠲠,9
𠲡,9
𠲢,9
𠲣,9
𠲤,9
𠲥,9
𠲦,9
𠲧,9
𠲨,9
𠲩,9
𠲪,9
𠲫,9
𡇒,9
𡇓,9
𡇔,9
𡇕,9
𡇖,9
𡇗,9
𡇘,9
𡇙,9
𡇚,9
𡇛,9
𡇜,9
𡇝,9
𡇞,9
𡇟,9
𡊷,9
𡊸,9
𡊹,9
𡊺,9
𡊻,9
𡊼,9
𡊽,9
𡊾,9
𡊿,9
𡋀,9
𡋁,9
𡋂,9
𡋃,9
𡋄,9
𡋅,9
𡋆,9
𡋇,9
𡋈,9
𡋉,9
𡋊,9
𡋋,9
𡋌,9
𡋍,9
𡋎,9
𡋏,9
𡋐,9
𡋑,9
𡋒,9
𡋓,9
𡋔,9
𡋕,9
𡋖,9
𡋗,9
𡋘,9
𡋙,9
𡋚,9
𡋛,9
𡋜,9
𡋝,9
𡋞,9
𡋟,9
𡋠,9
𡋡,9
𡋢,9
𡋣,9
𡋤,9
𡋥,9
𡋦,9
𡋧,9
𡋨,9
𡋩,9
𡋪,9
𡋫,9
𡋬,9
𡔠,9
𡔡,9
𡔢,9
𡖐,9
𡖑,9
𡘍,9
𡘎,9
𡘏,9
𡘐,9
𡘑,9
𡘒,9
𡘓,9
𡘔,9
𡘕,9
𡘖,9
𡘗,9
𡘘,9
𡘙,9
𡘚,9
𡘛,9
𡘜,9
𡜂,9
𡜃,9
𡜄,9
𡜅,9
𡜆,9
𡜇,9
𡜈,9
𡜉,9
𡜊,9
𡜋,9
𡜌,9
𡜍,9
𡜎,9
𡜏,9
𡜐,9
𡜑,9
𡜒,9
𡜓,9
𡜔,9
𡜕,9
𡜖,9
𡜗,9
𡜘,9
𡜙,9
𡜚,9
𡜛,9
𡜜,9
𡜝,9
𡜞,9
𡜟,9
𡜠,9
𡜡,9
𡜢,9
𡜣,9
𡜤,9
𡜥,9
𡜦,9
𡜧,9
𡜨,9
𡜩,9
𡜪,9
𡜫,9
𡜬,9
𡜭,9
𡥛,9
𡥜,9
𡥝,9
𡥞,9
𡥟,9
𡥠,9
𡥡,9
𡥢,9
𡥣,9
𡥤,9
𡥥,9
𡥦,9
𡥧,9
𡧩,9
𡧪,9
𡧫,9
𡧬,9
𡧭,9
𡧮,9
𡧯,9
𡧰,9
𡧱,9
𡧲,9
𡧳,9
𡧴,9
𡧵,9
𡧶,9
𡧷,9
𡧸,9
𡧹,9
𡧺,9
𡧻,9
𡧼,9
𡧽,9
𡧾,9
𡧿,9
𡬧,9
𡬨,9
𡬩,9
𡬪,9
𡬫,9
𡬬,9
𡭪,9
𡭫,9
𡭬,9
𡭭,9
𡭮,9
𡭯,9
𡭰,9
𡭱,9
𡭲,9
𡭳,9
𡯢,9
𡯣,9
𡯤,9
𡯥,9
𡯦,9
𡯧,9
𡱌,9
𡱍,9
𡱎,9
𡱏,9
𡱐,9
𡱑,9
𡱒,9
𡱓,9
𡱔,9
𡱕,9
𡱖,9
𡱗,9
𡱘,9
𡱙,9
𡱚,9
𡱛,9
𡱜,9
𡱝,9
𡱞,9
𡱟,9
𡱠,9
𡱡,9
𡴎,9
𡴏,9
𡴐,9
𡴑,9
𡴒,9
𡴓,9
𡴔,9
𡶫,9
𡶬,9
𡶭,9
𡶮,9
𡶯,9
𡶰,9
𡶱,9
𡶲,9
𡶳,9
𡶴,9
𡶵,9
𡶶,9
𡶷,9
𡶸,9
𡶹,9
𡶺,9
𡶻,9
𡶼,9
𡶽,9
𡶾,9
𡶿,9
𡷀,9
𡷁,9
𡷂,9
𡷃,9
𡷄,9
𡷅,9
𡷆,9
𡷇,9
𡷈,9
𡷉,9
𡷊,9
𡷋,9
𡷌,9
𡷍,9
𡷎,9
𡷏,9
𡷐,9
𡷑,9
𡷒,9
𡷓,9
𡷔,9
𡿷,9
𡿸,9
𡿹,9
𡿺,9
𡿻,9
𢀠,9
𢀹,9
𢀺,9
𢀻,9
𢂐,9
𢂑,9
𢂒,9
𢂓,9
𢂔,9
𢂕,9
𢂖,9
𢂗,9
𢂘,9
𢂙,9
𢂚,9
𢂛,9
𢂜,9
𢂝,9
𢂞,9
𢂟,9
𢂠,9
𢂡,9
𢂢,9
𢂣,9
𢂤,9
𢂥,9
𢂦,9
𢂧,9
𢂨,9
𢂩,9
𢂪,9
𢂫,9
𢂬,9
𢂭,9
𢂮,9
𢂯,9
𢂰,9
𢆑,9
𢆒,9
𢆓,9
𢆔,9
𢆕,9
𢆿,9
𢇀,9
𢇂,9
𢈇,9
𢈈,9
𢈉,9
𢈊,9
𢈋,9
𢈌,9
𢈍,9
𢈎,9
𢈏,9
𢈐,9
𢈑,9
𢈒,9
𢈓,9
𢈔,9
𢈕,9
𢈖,9
𢈗,9
𢈘,9
𢌠,9
𢌡,9
𢌢,9
𢌣,9
𢌤,9
𢌥,9
𢌴,9
𢌼,9
𢍂,9
𢍃,9
𢍄,9
𢍅,9
𢍆,9
𢍇,9
𢍈,9
𢍉,9
𢍊,9
𢍋,9
𢍌,9
𢎆,9
𢎇,9
𢎈,9
𢎉,9
𢎊,9
𢏔,9
𢏕,9
𢏖,9
𢏗,9
𢏘,9
𢏙,9
𢏚,9
𢏛,9
𢏜,9
𢏝,9
𢏞,9
𢏟,9
𢏠,9
𢏡,9
𢏢,9
𢏣,9
𢑗,9
𢑘,9
𢑙,9
𢑚,9
𢒎,9
𢓜,9
𢓝,9
𢓞,9
𢓟,9
𢓠,9
𢓡,9
𢓢,9
𢓣,9
𢓤,9
𢓥,9
𢓦,9
𢓧,9
𢓨,9
𢓩,9
𢘴,9
𢘵,9
𢘶,9
𢘷,9
𢘸,9
𢘹,9
𢘺,9
𢘻,9
𢘼,9
𢘽,9
𢘾,9
𢘿,9
𢙀,9
𢙁,9
𢙂,9
𢙃,9
𢙄,9
𢙅,9
𢙆,9
𢙇,9
𢙈,9
𢙉,9
𢙊,9
𢙋,9
𢙌,9
𢙍,9
𢙎,9
𢙏,9
𢙐,9
𢙑,9
𢙒,9
𢙓,9
𢙔,9
𢙕,9
𢙖,9
𢙗,9
𢙘,9
𢙙,9
𢙚,9
𢙛,9
𢙜,9
𢙝,9
𢙞,9
𢙟,9
𢙠,9
𢙡,9
𢙢,9
𢙣,9
𢙤,9
𢙥,9
𢙦,9
𢙧,9
𢙨,9
𢙩,9
𢙪,9
𢙫,9
𢙬,9
𢙭,9
𢙮,9
𢙯,9
𢙰,9
𢦦,9
𢦧,9
𢦨,9
𢦩,9
𢦪,9
𢦫,9
𢦬,9
𢦭,9
𢦮,9
𢦯,9
𢦰,9
𢦱,9
𢦲,9
𢦳,9
𢦴,9
𢦵,9
𢦶,9
𢨶,9
𢨷,9
𢨸,9
𢨹,9
𢨺,9
𢨻,9
𢨼,9
𢨽,9
𢨾,9
𢨿,9
𢩀,9
𢩁,9
𢩂,9
𢩃,9
𢩄,9
𢫤,9
𢫥,9
𢫦,9
𢫧,9
𢫨,9
𢫩,9
𢫪,9
𢫫,9
𢫬,9
𢫭,9
𢫮,9
𢫯,9
𢫰,9
𢫱,9
𢫲,9
𢫳,9
𢫴,9
𢫵,9
𢫶,9
𢫷,9
𢫸,9
𢫹,9
𢫺,9
𢫻,9
𢫼,9
𢫽,9
𢫾,9
𢫿,9
𢬀,9
𢬁,9
𢬂,9
𢬃,9
𢬄,9
𢬅,9
𢬆,9
𢬇,9
𢬈,9
𢬉,9
𢬊,9
𢬋,9
𢬌,9
𢬍,9
𢬎,9
𢬏,9
𢬐,9
𢬑,9
𢬒,9
𢬓,9
𢬔,9
𢬕,9
𢬖,9
𢬗,9
𢬘,9
𢬙,9
𢬚,9
𢬛,9
𢬜,9
𢬝,9
𢬞,9
𢬟,9
𢬠,9
𢬡,9
𢬢,9
𢬣,9
𢬤,9
𢬥,9
𢬦,9
𢬧,9
𢬨,9
𢬩,9
𢬪,9
𢬫,9
𢬬,9
𢬭,9
𢬮,9
𢺾,9
𢺿,9
𢻀,9
𢼉,9
𢼊,9
𢼋,9
𢼌,9
𢼍,9
𢼎,9
𢼏,9
𢼐,9
𢼑,9
𢼒,9
𢼓,9
𢼔,9
𢼕,9
𢼖,9
𢼗,9
𢼘,9
𢼙,9
𢼚,9
𣁆,9
𣁇,9
𣁈,9
𣁉,9
𣁱,9
𣁲,9
𣂙,9
𣂚,9
𣃝,9
𣃞,9
𣃟,9
𣃠,9
𣃡,9
𣃢,9
𣃣,9
𣃤,9
𣃥,9
𣄰,9
𣅷,9
𣅸,9
𣅹,9
𣅺,9
𣅻,9
𣅼,9
𣅽,9
𣅾,9
𣅿,9
𣆀,9
𣆁,9
𣆂,9
𣆃,9
𣆄,9
𣆅,9
𣆆,9
𣆇,9
𣆈,9
𣆉,9
𣆊,9
𣆋,9
𣆌,9
𣆍,9
𣆎,9
𣆏,9
𣆐,9
𣆑,9
𣌧,9
𣌨,9
𣌩,9
𣌪,9
𣌫,9
𣌬,9
𣍥,9
𣍦,9
𣍧,9
𣍨,9
𣍩,9
𣍪,9
𣍫,9
𣍬,9
𣐈,9
𣐉,9
𣐊,9
𣐋,9
𣐌,9
𣐍,9
𣐎,9
𣐏,9
𣐐,9
𣐑,9
𣐒,9
𣐓,9
𣐔,9
𣐕,9
𣐖,9
𣐗,9
𣐘,9
𣐙,9
𣐚,9
𣐛,9
𣐜,9
𣐝,9
𣐞,9
𣐟,9
𣐠,9
𣐡,9
𣐢,9
𣐣,9
𣐤,9
𣐥,9
𣐦,9
𣐧,9
𣐨,9
𣐩,9
𣐪,9
𣐫,9
𣐬,9
𣐭,9
𣐮,9
𣐯,9
𣐰,9
𣐱,9
𣐲,9
𣐳,9
𣐴,9
𣢗,9
𣢘,9
𣢙,9
𣢚,9
𣢛,9
𣢜,9
𣢝,9
𣢞,9
𣢟,9
𣢠,9
𣢡,9
𣢢,9
𣢣,9
𣢤,9
𣢥,9
𣢦,9
𣥢,9
𣥣,9
𣥤,9
𣧝,9
𣧞,9
𣧟,9
𣧠,9
𣧡,9
𣧢,9
𣧣,9
𣧤,9
𣧥,9
𣧦,9
𣧧,9
𣧨,9
𣧩,9
𣧪,9
𣧫,9
𣧬,9
𣧭,9
𣧮,9
𣧯,9
𣧰,9
𣧱,9
𣪅,9
𣪆,9
𣪇,9
𣫳,9
𣬸,9
𣬹,9
𣬺,9
𣬻,9
𣬼,9
𣬽,9
𣬾,9
𣬿,9
𣭀,9
𣭁,9
𣭂,9
𣭃,9
𣭄,9
𣭅,9
𣭆,9
𣭇,9
𣭈,9
𣭉,9
𣭊,9
𣭋,9
𣭌,9
𣭍,9
𣭎,9
𣭏,9
𣭐,9
𣭑,9
𣭒,9
𣭓,9
𣭔,9
𣭕,9
𣭖,9
𣭗,9
𣭘,9
𣭙,9
𣭚,9
𣭛,9
𣱇,9
𣱈,9
𣱉,9
𣱊,9
𣱜,9
𣱝,9
𣱞,9
𣱟,9
𣱠,9
𣳤,9
𣳥,9
𣳦,9
𣳧,9
𣳨,9
𣳩,9
𣳪,9
𣳫,9
𣳬,9
𣳭,9
𣳮,9
𣳯,9
𣳰,9
𣳱,9
𣳲,9
𣳳,9
𣳴,9
𣳵,9
𣳶,9
𣳷,9
𣳸,9
𣳹,9
𣳺,9
𣳻,9
𣳼,9
𣳽,9
𣳾,9
𣳿,9
𣴀,9
𣴁,9
𣴂,9
𣴃,9
𣴄,9
𣴅,9
𣴆,9
𣴇,9
𣴈,9
𣴉,9
𣴊,9
𣴋,9
𣴌,9
𣴍,9
𣴎,9
𣴏,9
𣴐,9
𣴑,9
𣴒,9
𣴓,9
𣴔,9
𣴕,9
𣴖,9
𣴗,9
𣴘,9
𣴙,9
𣴚,9
𣴛,9
𣴜,9
𣴝,9
𤆼,9
𤆽,9
𤆾,9
𤆿,9
𤇀,9
𤇁,9
𤇂,9
𤇃,9
𤇄,9
𤇅,9
𤇆,9
𤇇,9
𤇈,9
𤇉,9
𤇊,9
𤇋,9
𤇌,9
𤇍,9
𤇎,9
𤇏,9
𤇐,9
𤇑,9
𤇒,9
𤇓,9
𤇔,9
𤇕,9
𤇖,9
𤇗,9
𤇘,9
𤇙,9
𤇚,9
𤇛,9
𤇜,9
𤇝,9
𤇞,9
𤇟,9
𤇠,9
𤇡,9
𤇢,9
𤇣,9
𤇤,9
𤇥,9
𤇦,9
𤇧,9
𤇨,9
𤇩,9
𤇪,9
𤇫,9
𤇬,9
𤇭,9
𤇮,9
𤓽,9
𤓾,9
𤓿,9
𤔀,9
𤔁,9
𤔂,9
𤔃,9
𤔄,9
𤔅,9
𤔆,9
𤔇,9
𤔈,9
𤔉,9
𤔊,9
𤔋,9
𤕒,9
𤕞,9
𤕟,9
𤕲,9
𤕳,9
𤕴,9
𤕵,9
𤖱,9
𤖲,9
𤖳,9
𤖴,9
𤖵,9
𤖶,9
𤖷,9
𤖸,9
𤖹,9
𤘇,9
𤘸,9
𤘹,9
𤘺,9
𤘻,9
𤘼,9
𤘽,9
𤘾,9
𤘿,9
𤙀,9
𤙁,9
𤙂,9
𤙃,9
𤙄,9
𤙅,9
𤙆,9
𤙇,9
𤙈,9
𤙉,9
𤙊,9
𤙋,9
𤙌,9
𤙍,9
𤙎,9
𤙏,9
𤙐,9
𤝯,9
𤝰,9
𤝱,9
𤝲,9
𤝳,9
𤝴,9
𤝵,9
𤝶,9
𤝷,9
𤝸,9
𤝹,9
𤝺,9
𤝻,9
𤝼,9
𤝽,9
𤝾,9
𤝿,9
𤞀,9
𤞁,9
𤞂,9
𤞃,9
𤞄,9
𤞅,9
𤞆,9
𤞇,9
𤞈,9
𤞉,9
𤞊,9
𤞋,9
𤞌,9
𤞍,9
𤞎,9
𤞏,9
𤞐,9
𤞑,9
𤞒,9
𤞓,9
𤞔,9
𤞕,9
𤞖,9
𤞗,9
𤞘,9
𤞣,9
𤣦,9
𤤏,9
𤤐,9
𤤑,9
𤤒,9
𤤓,9
𤤔,9
𤤕,9
𤤖,9
𤤗,9
𤤘,9
𤤙,9
𤤚,9
𤤛,9
𤤜,9
𤤝,9
𤤞,9
𤤟,9
𤤠,9
𤤡,9
𤤢,9
𤤣,9
𤤤,9
𤤥,9
𤤦,9
𤤧,9
𤤨,9
𤤩,9
𤤪,9
𤤫,9
𤤬,9
𤤭,9
𤤮,9
𤤯,9
𤤰,9
𤤱,9
𤤲,9
𤤳,9
𤤴,9
𤫫,9
𤫬,9
𤫭,9
𤫮,9
𤫯,9
𤬬,9
𤬭,9
𤬮,9
𤬯,9
𤬰,9
𤬱,9
𤬲,9
𤯁,9
𤯂,9
𤯃,9
𤯄,9
𤯘,9
𤯙,9
𤯚,9
𤯛,9
𤯜,9
𤯝,9
𤯞,9
𤰩,9
𤰪,9
𤰫,9
𤰬,9
𤰭,9
𤰮,9
𤰯,9
𤰰,9
𤰱,9
𤰲,9
𤰳,9
𤰴,9
𤰵,9
𤰶,9
𤰷,9
𤰸,9
𤰹,9
𤰺,9
𤰻,9
𤰼,9
𤰽,9
𤰾,9
𤰿,9
𤱀,9
𤱁,9
𤱂,9
𤱃,9
𤱄,9
𤱅,9
𤱆,9
𤱇,9
𤱈,9
𤱉,9
𤱊,9
𤱋,9
𤴘,9
𤴷,9
𤴸,9
𤴹,9
𤴺,9
𤴻,9
𤴼,9
𤴽,9
𤴾,9
𤴿,9
𤵀,9
𤵁,9
𤵂,9
𤵃,9
𤵄,9
𤵅,9
𤵆,9
𤵇,9
𤵈,9
𤵉,9
𤵊,9
𤵋,9
𤵌,9
𤵍,9
𤵎,9
𤵏,9
𤵐,9
𤵑,9
𤵒,9
𤵓,9
𤵔,9
𤵕,9
𤵖,9
𤼧,9
𤼨,9
𤽈,9
𤽉,9
𤽊,9
𤽋,9
𤽌,9
𤽍,9
𤽎,9
𤽏,9
𤽐,9
𤽑,9
𤽒,9
𤽓,9
𤽔,9
𤽕,9
𤽖,9
𤽗,9
𤿎,9
𤿏,9
𤿐,9
𤿑,9
𤿒,9
𤿓,9
𤿔,9
𥁆,9
𥁇,9
𥁈,9
𥁉,9
𥁊,9
𥁋,9
𥁌,9
𥁍,9
𥄃,9
𥄄,9
𥄅,9
𥄆,9
𥄇,9
𥄈,9
𥄉,9
𥄊,9
𥄋,9
𥄌,9
𥄍,9
𥄎,9
𥄏,9
𥄐,9
𥄑,9
𥄒,9
𥄓,9
𥄔,9
𥄕,9
𥄖,9
𥄗,9
𥄘,9
𥄙,9
𥄚,9
𥄛,9
𥄜,9
𥄝,9
𥄞,9
𥄟,9
𥄠,9
𥄡,9
𥄢,9
𥄣,9
𥄤,9
𥄥,9
𥄦,9
𥄧,9
𥄨,9
𥄩,9
𥄪,9
𥄫,9
𥄬,9
𥄭,9
𥄮,9
𥄯,9
𥄰,9
𥍟,9
𥍠,9
𥎩,9
𥎪,9
𥎫,9
𥎬,9
𥎭,9
𥎮,9
𥎯,9
𥐩,9
𥐪,9
𥐫,9
𥐬,9
𥐭,9
𥐮,9
𥐯,9
𥐰,9
𥐱,9
𥐲,9
𥐳,9
𥐴,9
𥐵,9
𥐶,9
𥐷,9
𥐸,9
𥐹,9
𥐺,9
𥐻,9
𥐼,9
𥐽,9
𥐾,9
𥐿,9
𥑀,9
𥑁,9
𥑂,9
𥑃,9
𥑄,9
𥑅,9
𥘫,9
𥘬,9
𥘭,9
𥘮,9
𥘯,9
𥘰,9
𥘱,9
𥘲,9
𥘳,9
𥘴,9
𥘵,9
𥘶,9
𥘷,9
𥘸,9
𥘹,9
𥘺,9
𥘻,9
𥘼,9
𥘽,9
𥘾,9
𥘿,9
𥙀,9
𥙁,9
𥙂,9
𥙃,9
𥙄,9
𥙅,9
𥙆,9
𥙇,9
𥙈,9
𥙉,9
𥙊,9
𥙋,9
𥙌,9
𥙍,9
𥝣,9
𥝤,9
𥝥,9
𥝦,9
𥝧,9
𥝨,9
𥝩,9
𥝪,9
𥝫,9
𥝬,9
𥝭,9
𥝮,9
𥝯,9
𥝰,9
𥝱,9
𥝲,9
𥝳,9
𥝴,9
𥝵,9
𥝶,9
𥝷,9
𥝸,9
𥝹,9
𥝺,9
𥝻,9
𥝼,9
𥝽,9
𥤴,9
𥤵,9
𥤶,9
𥤷,9
𥤸,9
𥤹,9
𥤺,9
𥤻,9
𥤼,9
𥤽,9
𥤾,9
𥤿,9
𥥀,9
𥥁,9
𥥂,9
𥥃,9
𥥄,9
𥥅,9
𥥆,9
𥩙,9
𥩚,9
𥩛,9
𥩜,9
𥩝,9
𥩞,9
𥩟,9
𥫝,9
𥫞,9
𥫟,9
𥫠,9
𥫡,9
𥫢,9
𥫣,9
𥫤,9
𥫥,9
𥫦,9
𥫧,9
𥫨,9
𥫩,9
𥫪,9
𥫫,9
𥫬,9
𥫭,9
𥫮,9
𥸫,9
𥸬,9
𥸭,9
𥸮,9
𥸯,9
𥸰,9
𥸱,9
𥸲,9
𥾌,9
𥾍,9
𥾎,9
𥾏,9
𥾐,9
𥾑,9
𥾒,9
𥾓,9
𥾔,9
𥾕,9
𥾖,9
𥾗,9
𥾘,9
𦈉,9
𦈣,9
𦈤,9
𦈥,9
𦊁,9
𦊂,9
𦊃,9
𦊄,9
𦊅,9
𦊆,9
𦊇,9
𦊈,9
𦊉,9
𦊊,9
𦊋,9
𦊌,9
𦊍,9
𦍑,9
𦍒,9
𦍓,9
𦍔,9
𦍕,9
𦍖,9
𦏴,9
𦏵,9
𦏶,9
𦏷,9
𦏸,9
𦏹,9
𦏺,9
𦏻,9
𦏼,9
𦏽,9
𦏾,9
𦏿,9
𦐀,9
𦐁,9
𦒶,9
𦒷,9
𦒸,9
𦒹,9
𦓨,9
𦓩,9
𦓪,9
𦔷,9
𦔸,9
𦔹,9
𦔺,9
𦔻,9
𦘔,9
𦙪,9
𦙫,9
𦙬,9
𦙭,9
𦙮,9
𦙯,9
𦙰,9
𦙱,9
𦙲,9
𦙳,9
𦙴,9
𦙵,9
𦙶,9
𦙷,9
𦙸,9
𦙹,9
𦙺,9
𦙻,9
𦙼,9
𦙽,9
𦙾,9
𦙿,9
𦚀,9
𦚁,9
𦚂,9
𦚃,9
𦚄,9
𦚅,9
𦚆,9
𦚇,9
𦚈,9
𦚉,9
𦚊,9
𦚋,9
𦚌,9
𦚍,9
𦚎,9
𦚏,9
𦚐,9
𦚑,9
𦚒,9
𦚓,9
𦚔,9
𦚕,9
𦚖,9
𦚗,9
𦚘,9
𦚙,9
𦚚,9
𦚛,9
𦚜,9
𦣟,9
𦣾,9
𦣿,9
𦤀,9
𦤶,9
𦤷,9
𦤸,9
𦥗,9
𦥘,9
𦥚,9
𦥛,9
𦥜,9
𦥧,9
𦧇,9
𦨎,9
𦨏,9
𦨐,9
𦨑,9
𦨒,9
𦨓,9
𦨔,9
𦫋,9
𦫓,9
𦬷,9
𦬸,9
𦬹,9
𦬺,9
𦬻,9
𦬼,9
𦬽,9
𦬾,9
𦬿,9
𦭀,9
𦭁,9
𦭂,9
𦭃,9
𦭄,9
𦭅,9
𦭆,9
𦭇,9
𦭈,9
𦭉,9
𦭊,9
𦭋,9
𦭌,9
𦭍,9
𦭎,9
𦭏,9
𦭐,9
𦭑,9
𦭒,9
𦭓,9
𦭔,9
𦭕,9
𦭖,9
𦭗,9
𦭘,9
𦭙,9
𦭚,9
𦭛,9
𦭜,9
𦭝,9
𦭞,9
𦭟,9
𦭠,9
𦭡,9
𦭢,9
𦭣,9
𦭤,9
𦭥,9
𦭦,9
𦭧,9
𦭨,9
𦭩,9
𦭪,9
𦭫,9
𦭬,9
𧆜,9
𧆝,9
𧆞,9
𧈨,9
𧈩,9
𧈪,9
𧈫,9
𧈬,9
𧈭,9
𧈮,9
𧈯,9
𧈰,9
𧈱,9
𧈲,9
𧈳,9
𧈴,9
𧈵,9
𧈶,9
𧈷,9
𧈸,9
𧈹,9
𧈺,9
𧖪,9
𧗡,9
𧗢,9
𧗣,9
𧗤,9
𧗥,9
𧘝,9
𧘞,9
𧘟,9
𧘠,9
𧘡,9
𧘢,9
𧘣,9
𧘤,9
𧘥,9
𧘦,9
𧘧,9
𧘨,9
𧘩,9
𧘪,9
𧘫,9
𧘬,9
𧘭,9
𧘮,9
𧘯,9
𧘰,9
𧘱,9
𧘲,9
𧘳,9
𧘴,9
𧘵,9
𧘶,9
𧘷,9
𧘸,9
𧘹,9
𧘺,9
𧘻,9
𧘼,9
𧟤,9
𧟥,9
𧟦,9
𧠈,9
𧢴,9
𧢵,9
𧢶,9
𧥠,9
𧯚,9
𧰩,9
𧲡,9
𧴤,9
𧴥,9
𧴦,9
𧴧,9
𧴨,9
𧴩,9
𧹒,9
𧹙,9
𧹚,9
𧺈,9
𧺉,9
𧺊,9
𧺋,9
𧺌,9
𧺍,9
𧺎,9
𧾺,9
𧾻,9
𧾼,9
𧾽,9
𧾾,9
𧾿,9
𧿀,9
𨈒,9
𨊠,9
𨊡,9
𨊢,9
𨊣,9
𨊤,9
𨊥,9
𨊦,9
𨐇,9
𨒥,9
𨒦,9
𨒧,9
𨒨,9
𨒩,9
𨒪,9
𨒫,9
𨒬,9
𨒭,9
𨒮,9
𨒯,9
𨒰,9
𨒱,9
𨒲,9
𨒳,9
𨒴,9
𨒵,9
𨒶,9
𨒷,9
𨒸,9
𨒹,9
𨒺,9
𨒻,9
𨒼,9
𨒽,9
𨒾,9
𨒿,9
𨓀,9
𨓁,9
𨓂,9
𨓃,9
𨓄,9
𨛋,9
𨛌,9
𨛍,9
𨛎,9
𨛏,9
𨛐,9
𨛑,9
𨛒,9
𨛓,9
𨛔,9
𨛕,9
𨛖,9
𨛗,9
𨛘,9
𨛙,9
𨛚,9
𨛛,9
𨛜,9
𨛝,9
𨛞,9
𨛟,9
𨛠,9
𨛡,9
𨛢,9
𨛣,9
𨛤,9
𨛥,9
𨛦,9
𨛧,9
𨛨,9
𨛩,9
𨛪,9
𨱀,9
𨱁,9
𨱂,9
𨱙,9
𨳉,9
𨸄,9
𨸅,9
𨹘,9
𨹙,9
𨹚,9
𨹛,9
𨹜,9
𨹝,9
𨹞,9
𨹟,9
𨹠,9
𨹡,9
𨹢,9
𨹣,9
𨹤,9
𨹥,9
𨹦,9
𨹧,9
𨹨,9
𨹩,9
𨹪,9
𨹫,9
𨹬,9
𨹭,9
𨹮,9
𨹯,9
𨹰,9
𨹱,9
𨹲,9
𨹳,9
𩁶,9
𩏽,9
𩏾,9
𩑋,9
𩙥,9
𩙦,9
𩙱,9
𩚂,9
𩠃,9
𩠐,9
𩧮,9
𩧰,9
𩧱,9
𩧲,9
𩧳,9
𩧴,9
𩧵,9
𩧶,9
𪉁,9
𪉂,9
𪉃,9
𪎍,9
𪱝,9
𪽫,9
𪾢,9
𫃜,9
𫌨,9
𫐉,9
𫓧,9
𫓩,9
𫛚,9
𫛛,9
𫛞,9
𫞂,9
龪,9
𪜄,9
𪜉,9
𪜍,9
𪜕,9
𪜻,9
𪜼,9
𪜽,9
𪜾,9
𪜿,9
𪝀,9
𪝁,9
𪝂,9
𪞀,9
𪞟,9
𪞠,9
𪞡,9
𪟆,9
𪟇,9
𪟜,9
𪟪,9
𪟯,9
𪠂,9
𪠇,9
𪠈,9
𪠉,9
𪠊,9
𪠜,9
𪠩,9
𪠪,9
𪠺,9
𪠻,9
𪠼,9
𪠽,9
𪠾,9
𪠿,9
𪡀,9
𪡁,9
𪡂,9
𪡃,9
𪢪,9
𪣋,9
𪣌,9
𪣍,9
𪣎,9
𪣏,9
𪣐,9
𪣑,9
𪣒,9
𪣓,9
𪤹,9
𪥍,9
𪥎,9
𪥏,9
𪥱,9
𪥲,9
𪥳,9
𪥴,9
𪥵,9
𪦻,9
𪧊,9
𪧋,9
𪧌,9
𪨍,9
𪨎,9
𪨯,9
𪨰,9
𪨱,9
𪨲,9
𪨳,9
𪨴,9
𪩢,9
𪪋,9
𪪐,9
𪪑,9
𪪯,9
𪪼,9
𪪽,9
𪫭,9
𪫮,9
𪫯,9
𪫰,9
𪫱,9
𪫲,9
𪫳,9
𪫴,9
𪭋,9
𪭌,9
𪭘,9
𪭫,9
𪭬,9
𪭭,9
𪭮,9
𪭯,9
𪭰,9
𪭱,9
𪭲,9
𪭳,9
𪯉,9
𪯊,9
𪯣,9
𪯫,9
𪯴,9
𪰏,9
𪰐,9
𪰑,9
𪰒,9
𪰓,9
𪰔,9
𪰕,9
𪰖,9
𪰗,9
𪰘,9
𪱜,9
𪱺,9
𪱻,9
𪱼,9
𪱽,9
𪱾,9
𪱿,9
𪲀,9
𪲁,9
𪲂,9
𪴪,9
𪴫,9
𪵀,9
𪵁,9
𪵙,9
𪵚,9
𪵤,9
𪵷,9
𪵸,9
𪵹,9
𪵺,9
𪵻,9
𪵼,9
𪵽,9
𪸘,9
𪸙,9
𪸚,9
𪸛,9
𪸜,9
𪸝,9
𪸞,9
𪸟,9
𪸠,9
𪸡,9
𪸢,9
𪺎,9
𪺪,9
𪺫,9
𪺺,9
𪺻,9
𪻕,9
𪻖,9
𪼴,9
𪼷,9
𪼸,9
𪽉,9
𪽊,9
𪽋,9
𪽌,9
𪽨,9
𪽩,9
𪽪,9
𪽻,9
𪽼,9
𪾇,9
𪾊,9
𪾋,9
𪾡,9
𪾣,9
𪿆,9
𪿈,9
𪿉,9
𪿑,9
𪿒,9
𪿓,9
𫀄,9
𫀅,9
𫀆,9
𫀨,9
𫀩,9
𫁊,9
𫁟,9
𫁱,9
𫂳,9
𫂴,9
𫃝,9
𫄠,9
𫄡,9
𫄢,9
𫄣,9
𫅁,9
𫅢,9
𫆙,9
𫆚,9
𫆛,9
𫆜,9
𫇚,9
𫇮,9
𫇯,9
𫇰,9
𫇱,9
𫇲,9
𫇳,9
𫇴,9
𫇵,9
𫊝,9
𫊞,9
𫊥,9
𫊦,9
𫋲,9
𫋳,9
𫋴,9
𫌩,9
𫍧,9
𫍨,9
𫍩,9
𫍪,9
𫎀,9
𫎎,9
𫎦,9
𫎧,9
𫐈,9
𫐊,9
𫐥,9
𫑝,9
𫑞,9
𫑟,9
𫓨,9
𫓪,9
𫓫,9
𫔘,9
𫔱,9
𫕁,9
𫕂,9
𫕃,9
𫖪,9
𫗤,9
𫗥,9
𫘠,9
𫘡,9
𫛜,9
𫛝,9
𫝌,9
𫝍,9
𫝎,9
𫝐,9
𫝔,9
𫝙,9
𫝧,9
𫝨,9
𫝴,9
𫝸,9
𫝻,9
𫞃,9
𫞢,9
𫞪,9
𫞰,9
𫟃,9
𫟈,9
𫟌,9
𫟍,9
𫟤,9
𫟯,9
𫟴,9
𫟵,9
𫠈,9
𫠖,9
虐,9
能,10
家,10
都,10
起,10
部,10
样,10
高,10
被,10
特,10
海,10
通,10
原,10
真,10
资,10
展,10
难,10
格,10
候,10
笑,10
根,10
造,10
准,10
爱,10
流,10
调,10
党,10
离,10
请,10
病,10
息,10
消,10
容,10
称,10
谈,10
较,10
案,10
敌,10
致,10
验,10
站,10
效,10
留,10
料,10
紧,10
害,10
值,10
钱,10
破,10
热,10
倒,10
速,10
般,10
校,10
拿,10
脑,10
预,10
谁,10
益,10
继,10
素,10
获,10
射,10
积,10
配,10
读,10
啊,10
航,10
铁,10
恶,10
顿,10
酒,10
烈,10
哥,10
索,10
座,10
顾,10
换,10
核,10
监,10
舰,10
缺,10
娘,10
班,10
恩,10
恐,10
席,10
秘,10
虑,10
赶,10
剧,10
损,10
旅,10
逐,10
莫,10
笔,10
烟,10
诺,10
唐,10
载,10
健,10
旁,10
借,10
础,10
诸,10
弱,10
徒,10
透,10
途,10
套,10
竞,10
哲,10
埃,10
夏,10
振,10
圆,10
宽,10
浪,10
殊,10
桌,10
莱,10
烧,10
课,10
哭,10
债,10
乘,10
涉,10
烦,10
症,10
倾,10
陷,10
疾,10
朗,10
珠,10
桥,10
罢,10
捕,10
徐,10
泰,10
胸,10
晓,10
润,10
倍,10
秦,10
租,10
荷,10
悄,10
浮,10
恋,10
峰,10
阅,10
粉,10
兼,10
桑,10
宾,10
递,10
凉,10
陶,10
脏,10
埋,10
涌,10
晋,10
陪,10
悟,10
祥,10
袖,10
衰,10
瓶,10
狼,10
疼,10
钻,10
凌,10
耗,10
涂,10
恭,10
秩,10
袁,10
疲,10
拳,10
档,10
晃,10
涨,10
郭,10
牺,10
捉,10
唤,10
莲,10
桃,10
舱,10
耕,10
悔,10
氧,10
浩,10
莉,10
唇,10
盐,10
辱,10
俱,10
饿,10
哦,10
桂,10
哩,10
皱,10
剥,10
陵,10
哼,10
铃,10
脆,10
柴,10
眠,10
扇,10
悦,10
贼,10
爹,10
挨,10
顽,10
卿,10
畜,10
羞,10
贾,10
涛,10
翅,10
宰,10
唉,10
逝,10
艳,10
臭,10
翁,10
倘,10
浙,10
谅,10
莎,10
鸭,10
谊,10
框,10
宴,10
衷,10
浦,10
耸,10
耻,10
胶,10
逢,10
倡,10
匪,10
脂,10
晕,10
挽,10
脊,10
捐,10
窄,10
俯,10
恳,10
瓷,10
浴,10
恕,10
颁,10
袍,10
倦,10
涅,10
凄,10
浸,10
殷,10
哨,10
绢,10
冤,10
栽,10
斋,10
颂,10
挫,10
绣,10
轿,10
砸,10
栖,10
捏,10
株,10
剖,10
胳,10
桩,10
娱,10
峻,10
豹,10
捞,10
屑,10
壶,10
毙,10
烛,10
桓,10
娟,10
贿,10
倩,10
逗,10
栗,10
倚,10
浆,10
烤,10
晒,10
捆,10
铅,10
逛,10
躬,10
耽,10
莹,10
姬,10
耿,10
桐,10
莽,10
捣,10
冥,10
狸,10
俺,10
捡,10
涡,10
娥,10
蚕,10
绥,10
倏,10
聂,10
盏,10
匿,10
哺,10
晌,10
虔,10
畔,10
涩,10
冢,10
砰,10
莺,10
烫,10
哮,10
眩,10
轼,10
栓,10
桨,10
蚊,10
悯,10
酌,10
峭,10
涕,10
挚,10
窍,10
氨,10
袜,10
朕,10
峨,10
悍,10
捂,10
赁,10
铀,10
朔,10
紊,10
埔,10
宵,10
悖,10
剔,10
逞,10
唔,10
娴,10
疹,10
涤,10
胰,10
捍,10
倪,10
烘,10
赂,10
骏,10
赃,10
殉,10
桔,10
钳,10
挛,10
捅,10
脓,10
倭,10
奚,10
唠,10
盎,10
祟,10
痉,10
胺,10
烙,10
笋,10
圃,10
晖,10
砾,10
袅,10
俾,10
秧,10
倔,10
诽,10
悚,10
逍,10
桅,10
袒,10
敖,10
顼,10
钵,10
娠,10
捎,10
羔,10
笆,10
哧,10
唆,10
烬,10
凋,10
铎,10
哽,10
恙,10
桢,10
秤,10
栩,10
浚,10
唧,10
玺,10
耆,10
釜,10
钾,10
晏,10
涧,10
脐,10
涣,10
祯,10
胱,10
桦,10
鸳,10
涟,10
珥,10
俸,10
谀,10
荼,10
蚌,10
恚,10
恣,10
氦,10
鸯,10
罡,10
皋,10
偌,10
娓,10
谆,10
骋,10
耘,10
蚪,10
郸,10
捋,10
涓,10
梆,10
莓,10
隼,10
桀,10
桧,10
蚓,10
蚣,10
疱,10
耙,10
娩,10
谄,10
這,10
馁,10
砥,10
涝,10
疽,10
馀,10
隽,10
埂,10
娲,10
胭,10
豺,10
倌,10
莞,10
诿,10
舀,10
鸵,10
峪,10
娑,10
浜,10
浣,10
舐,10
唑,10
宸,10
砧,10
耄,10
栾,10
晁,10
蚜,10
莘,10
晔,10
砷,10
唏,10
蚩,10
舫,10
涞,10
饽,10
凇,10
钰,10
疸,10
胯,10
烨,10
窈,10
奘,10
荻,10
婀,10
珞,10
粑,10
崂,10
觊,10
狻,10
鸬,10
剜,10
邕,10
铂,10
涔,10
桎,10
娣,10
砺,10
徕,10
胴,10
钴,10
阄,10
陲,10
倜,10
铉,10
骊,10
桠,10
烩,10
厝,10
氤,10
莅,10
衮,10
唁,10
笏,10
笕,10
蚝,10
痂,10
秣,10
绦,10
氩,10
笫,10
陰,10
砣,10
莆,10
悌,10
痈,10
烊,10
蚨,10
俳,10
逡,10
屐,10
诹,10
鸪,10
砝,10
娌,10
颀,10
逋,10
脍,10
衾,10
琊,10
浠,10
臬,10
蚧,10
倨,10
恁,10
钿,10
旃,10
挈,10
蚋,10
袢,10
莜,10
郯,10
趿,10
莠,10
莴,10
逖,10
桉,10
娉,10
珩,10
钹,10
砩,10
阆,10
趸,10
笊,10
浯,10
莸,10
阃,10
铆,10
桁,10
郴,10
贽,10
赅,10
桡,10
屙,10
旆,10
針,10
崃,10
圄,10
勐,10
浞,10
涑,10
畛,10
逦,10
铄,10
悭,10
晟,10
钺,10
钼,10
鸱,10
埙,10
悒,10
砻,10
龀,10
畚,10
鬯,10
捌,10
孬,10
谇,10
盍,10
鸫,10
胼,10
倮,10
莼,10
蚬,10
鸶,10
亳,10
倥,10
舨,10
珲,10
笄,10
诼,10
铍,10
荽,10
倬,10
狷,10
罟,10
疴,10
砹,10
绨,10
莪,10
衄,10
酐,10
逑,10
秫,10
赀,10
铋,10
挹,10
浼,10
蚍,10
莩,10
桤,10
疳,10
唢,10
砬,10
哿,10
連,10
谂,10
髟,10
鸲,10
敉,10
涠,10
荸,10
旄,10
眬,10
納,10
脈,10
貢,10
趵,10
眙,10
莳,10
莨,10
钽,10
悝,10
狺,10
舯,10
豇,10
铌,10
绡,10
轾,10
辂,10
陬,10
悛,10
桕,10
猁,10
砼,10
莶,10
訓,10
祧,10
剡,10
鸮,10
粋,10
栲,10
眢,10
砟,10
陳,10
铈,10
珙,10
記,10
铊,10
舭,10
埚,10
討,10
陸,10
埒,10
悃,10
狴,10
脩,10
骎,10
郫,10
狳,10
菃,10
垸,10
梃,10
眚,10
脒,10
颃,10
袪,10
饾,10
唣,10
華,10
袝,10
陴,10
恧,10
栳,10
粎,10
钸,10
鸰,10
唛,10
埘,10
袓,10
訉,10
鬲,10
袊,10
埕,10
钲,10
桄,10
珧,10
紤,10
缻,10
莤,10
袛,10
辀,10
捃,10
純,10
訊,10
馬,10
訙,10
赆,10
隻,10
恝,10
祫,10
粌,10
紙,10
绠,10
耖,10
莖,10
虒,10
袣,10
袧,10
託,10
飢,10
栝,10
翀,10
翃,10
袉,10
袑,10
訒,10
訚,10
谉,10
逌,10
閃,10
祪,10
胲,10
脅,10
袩,10
釘,10
馂,10
剞,10
猃,10
眫,10
砲,10
硁,10
笇,10
袃,10
袚,10
財,10
軓,10
釙,10
钷,10
疰,10
眎,10
砢,10
窋,10
竝,10
粊,10
紗,10
紛,10
胵,10
茝,10
蚢,10
袥,10
軒,10
酎,10
帱,10
痄,10
矝,10
祮,10
竚,10
笖,10
粍,10
粏,10
紖,10
翂,10
茣,10
蚘,10
袐,10
覍,10
訌,10
豈,10
軐,10
郪,10
釛,10
瓞,10
砮,10
粐,10
袔,10
袦,10
袨,10
覂,10
訋,10
訕,10
軎,10
郵,10
釡,10
釢,10
钶,10
陼,10
哳,10
盌,10
眖,10
眜,10
窅,10
窇,10
窊,10
窌,10
窎,10
紋,10
紏,10
紓,10
绤,10
翆,10
脎,10
莊,10
莢,10
莵,10
蚈,10
蚑,10
蚒,10
蚖,10
袕,10
袗,10
訏,10
訑,10
貤,10
趶,10
趷,10
辁,10
逕,10
逤,10
釟,10
釠,10
隺,10
骍,10
鱽,10
鸴,10
痃,10
盉,10
眏,10
眕,10
眘,10
眞,10
眣,10
砤,10
砪,10
砫,10
祘,10
祤,10
祩,10
秙,10
秠,10
秢,10
笉,10
笍,10
笎,10
笐,10
粃,10
粔,10
紐,10
紘,10
紝,10
紣,10
罝,10
羙,10
耊,10
胹,10
舦,10
芻,10
荳,10
莁,10
莂,10
莕,10
莙,10
菦,10
蚡,10
袘,10
袟,10
訐,10
訔,10
豗,10
貣,10
軏,10
軔,10
逓,10
陮,10
㑣,10
㑥,10
㑦,10
㑧,10
㑨,10
㑩,10
㑪,10
㑫,10
㑬,10
㑭,10
㒭,10
㓐,10
㓑,10
㓒,10
㓬,10
㓭,10
㓮,10
㓯,10
㓰,10
㔝,10
㔞,10
㔟,10
㕋,10
㕌,10
㕍,10
㕖,10
㖏,10
㖐,10
㖑,10
㖒,10
㖓,10
㖔,10
㖕,10
㖖,10
㖗,10
㖘,10
㖙,10
㖚,10
㖛,10
㖜,10
㖝,10
㖞,10
㘣,10
㘿,10
㙀,10
㙁,10
㙂,10
㙃,10
㙄,10
㙅,10
㙆,10
㛍,10
㛎,10
㛏,10
㛐,10
㛑,10
㛒,10
㛓,10
㛔,10
㛕,10
㛖,10
㛗,10
㛘,10
㛙,10
㛚,10
㛛,10
㛜,10
㛝,10
㛞,10
㛟,10
㛡,10
㛢,10
㛣,10
㛤,10
㝂,10
㝃,10
㝗,10
㝘,10
㝙,10
㝚,10
㝶,10
㝸,10
㞂,10
㞗,10
㟇,10
㟈,10
㟉,10
㟊,10
㟋,10
㟌,10
㟍,10
㟎,10
㟏,10
㟐,10
㟑,10
㟒,10
㟓,10
㟔,10
㟕,10
㟖,10
㠫,10
㠬,10
㡇,10
㡈,10
㢃,10
㢄,10
㢅,10
㢆,10
㢇,10
㢸,10
㢹,10
㣢,10
㣣,10
㤟,10
㤠,10
㤣,10
㤩,10
㤪,10
㤫,10
㤯,10
㤱,10
㤳,10
㤴,10
㤶,10
㤷,10
㤸,10
㤹,10
㤼,10
㤽,10
㦴,10
㦵,10
㦶,10
㧬,10
㧭,10
㧱,10
㧲,10
㧴,10
㧵,10
㧶,10
㧷,10
㧸,10
㩻,10
㩼,10
㪇,10
㪈,10
㪉,10
㪰,10
㪶,10
㪾,10
㪿,10
㫅,10
㫇,10
㫈,10
㫉,10
㫥,10
㫦,10
㫧,10
㫨,10
㫩,10
㫪,10
㫫,10
㫬,10
㫭,10
㫮,10
㬴,10
㬵,10
㭘,10
㭙,10
㭚,10
㭛,10
㭜,10
㭝,10
㭞,10
㭟,10
㭠,10
㭡,10
㭢,10
㭣,10
㭤,10
㭥,10
㭦,10
㭧,10
㰩,10
㰪,10
㰫,10
㰬,10
㰭,10
㰷,10
㱡,10
㱾,10
㱿,10
㲓,10
㲳,10
㳤,10
㳥,10
㳦,10
㳧,10
㳨,10
㳩,10
㳪,10
㳬,10
㳭,10
㳮,10
㳯,10
㳰,10
㳱,10
㳲,10
㳳,10
㶳,10
㶴,10
㶵,10
㶶,10
㶷,10
㶸,10
㸗,10
㸟,10
㸠,10
㸡,10
㸧,10
㸵,10
㸶,10
㸷,10
㸸,10
㹱,10
㹲,10
㹳,10
㹴,10
㹵,10
㹶,10
㹷,10
㹸,10
㺸,10
㺿,10
㻀,10
㻁,10
㻂,10
㻃,10
㻄,10
㻅,10
㻆,10
㻇,10
㻈,10
㼋,10
㼌,10
㼜,10
㼝,10
㼞,10
㼟,10
㼠,10
㽍,10
㽛,10
㽜,10
㽽,10
㽾,10
㽿,10
㾀,10
㾁,10
㾂,10
㾃,10
㾄,10
㾅,10
㾆,10
㾇,10
㾈,10
㾉,10
㿟,10
㿭,10
㿮,10
㿾,10
㿿,10
䀀,10
䀟,10
䀠,10
䀡,10
䀢,10
䀣,10
䀤,10
䀥,10
䀦,10
䂏,10
䂐,10
䂑,10
䂟,10
䂠,10
䂡,10
䂢,10
䂣,10
䂤,10
䂥,10
䂦,10
䂧,10
䂨,10
䄁,10
䄂,10
䄃,10
䄶,10
䄷,10
䄸,10
䄹,10
䆗,10
䆘,10
䆙,10
䇇,10
䇈,10
䇉,10
䇊,10
䇗,10
䇘,10
䇙,10
䇚,10
䇛,10
䇜,10
䇝,10
䉻,10
䉼,10
䊺,10
䊻,10
䊼,10
䊽,10
䊾,10
䊿,10
䋀,10
䋁,10
䋂,10
䋃,10
䋄,10
䋅,10
䋆,10
䋇,10
䌸,10
䍃,10
䍕,10
䍖,10
䍗,10
䍧,10
䍨,10
䍩,10
䍾,10
䍿,10
䎡,10
䎳,10
䎴,10
䏑,10
䏦,10
䏧,10
䏨,10
䏩,10
䏪,10
䏫,10
䏬,10
䏭,10
䏮,10
䑔,10
䑙,10
䑚,10
䑤,10
䑥,10
䒚,10
䒛,10
䒜,10
䒝,10
䒞,10
䒟,10
䒠,10
䒡,10
䒢,10
䒣,10
䒤,10
䒥,10
䖊,10
䖋,10
䖌,10
䖍,10
䖡,10
䖢,10
䖣,10
䘐,10
䘕,10
䘟,10
䘠,10
䘡,10
䙳,10
䙷,10
䙸,10
䚱,10
䚲,10
䜫,10
䝅,10
䞑,10
䞖,10
䞗,10
䞘,10
䟕,10
䟖,10
䡅,10
䢀,10
䢒,10
䢓,10
䢔,10
䢕,10
䢖,10
䢗,10
䢘,10
䣃,10
䣄,10
䣅,10
䣆,10
䣇,10
䣧,10
䣨,10
䤛,10
䦾,10
䧉,10
䧊,10
䧋,10
䧌,10
䧍,10
䧎,10
䧏,10
䧱,10
丵,10
乽,10
俰,10
俲,10
俴,10
俵,10
俶,10
俷,10
俹,10
俻,10
俼,10
俽,10
俿,10
倀,10
倁,10
倂,10
倃,10
倄,10
倅,10
倆,10
倇,10
倈,10
倉,10
倊,10
個,10
倎,10
倐,10
們,10
倓,10
倕,10
倖,10
倗,10
倛,10
倝,10
倞,10
倠,10
倢,10
倣,10
値,10
倧,10
倫,10
倯,10
倰,10
倱,10
倲,10
倳,10
倴,10
倵,10
倶,10
倷,10
倸,10
倹,10
倻,10
倽,10
倿,10
偀,10
偖,10
兛,10
兺,10
冓,10
冔,10
冡,10
冣,10
冦,10
冧,10
凅,10
凈,10
凊,10
凍,10
凎,10
剒,10
剓,10
剕,10
剗,10
剘,10
剙,10
剚,10
剛,10
剝,10
剟,10
剠,10
剢,10
剣,10
剤,10
剦,10
剮,10
勌,10
勍,10
勎,10
勏,10
勑,10
務,10
匎,10
匫,10
卨,10
厜,10
厞,10
叞,10
哠,10
員,10
哢,10
哣,10
哤,10
哫,10
哬,10
哯,10
哰,10
哱,10
哴,10
哵,10
哶,10
哷,10
哸,10
哹,10
哻,10
哾,10
唀,10
唂,10
唃,10
唄,10
唅,10
唈,10
唊,10
唋,10
唍,10
唎,10
唒,10
唓,10
唕,10
唖,10
唗,10
唘,10
唙,10
唚,10
唜,10
唝,10
唞,10
唟,10
唡,10
唥,10
唦,10
唨,10
唴,10
圁,10
圂,10
圅,10
垶,10
垷,10
垺,10
垻,10
垼,10
垽,10
垾,10
垿,10
埀,10
埁,10
埄,10
埆,10
埇,10
埈,10
埉,10
埊,10
埌,10
埍,10
埐,10
埑,10
埓,10
埖,10
埗,10
埛,10
堲,10
夎,10
夞,10
奙,10
娊,10
娋,10
娎,10
娏,10
娐,10
娒,10
娔,10
娕,10
娖,10
娙,10
娚,10
娛,10
娝,10
娞,10
娡,10
娢,10
娤,10
娦,10
娧,10
娨,10
娪,10
娭,10
娮,10
娯,10
娳,10
娿,10
婲,10
孫,10
孭,10
宧,10
宭,10
宮,10
宯,10
宱,10
宲,10
宷,10
宺,10
宻,10
宼,10
尃,10
尅,10
屒,10
屓,10
屔,10
屖,10
屗,10
屘,10
峩,10
峬,10
峮,10
峯,10
峱,10
峲,10
峳,10
峴,10
峵,10
島,10
峷,10
峹,10
峺,10
峼,10
峽,10
峾,10
峿,10
崀,10
崁,10
崄,10
崅,10
崋,10
巸,10
巼,10
帨,10
帩,10
帪,10
師,10
帬,10
帯,10
帰,10
庨,10
庩,10
庪,10
庫,10
庬,10
庮,10
庯,10
弉,10
弬,10
弰,10
弲,10
弳,10
彧,10
彨,10
徎,10
徏,10
徑,10
従,10
恏,10
恖,10
恥,10
恴,10
恵,10
恷,10
悀,10
悁,10
悂,10
悅,10
悇,10
悈,10
悋,10
悎,10
悏,10
悑,10
悓,10
悕,10
悗,10
悙,10
悜,10
悞,10
悢,10
悧,10
悩,10
悮,10
戙,10
扄,10
扅,10
扆,10
拲,10
挐,10
挙,10
挩,10
挬,10
挭,10
挮,10
挰,10
挱,10
挳,10
挴,10
挵,10
挶,10
挸,10
挼,10
挾,10
挿,10
捀,10
捁,10
捄,10
捇,10
捈,10
捊,10
捑,10
捒,10
捔,10
捖,10
捗,10
捘,10
捙,10
捚,10
捜,10
捝,10
捠,10
捤,10
揤,10
敆,10
敇,10
敊,10
敋,10
斊,10
斚,10
旂,10
旊,10
晀,10
時,10
晄,10
晅,10
晆,10
晇,10
晈,10
晉,10
晊,10
晍,10
晎,10
晐,10
晑,10
晠,10
書,10
曺,10
曻,10
朒,10
朓,10
枽,10
柡,10
栒,10
栔,10
栕,10
栘,10
栙,10
栚,10
栛,10
栜,10
栞,10
栟,10
栠,10
栢,10
栣,10
栤,10
栥,10
栦,10
栧,10
栨,10
栫,10
栬,10
栭,10
栮,10
栯,10
栰,10
栱,10
栴,10
栵,10
栶,10
栺,10
栻,10
栿,10
桇,10
桊,10
桋,10
桍,10
桖,10
桗,10
桘,10
桙,10
桚,10
桛,10
桜,10
桝,10
桟,10
桪,10
梛,10
條,10
梠,10
梴,10
棦,10
欬,10
欭,10
欮,10
欯,10
欰,10
欱,10
欴,10
歬,10
歭,10
殈,10
殺,10
毢,10
毣,10
毤,10
毥,10
毦,10
毧,10
毨,10
毩,10
毪,10
氣,10
氥,10
洍,10
洖,10
洜,10
洯,10
浖,10
浗,10
浘,10
浛,10
浝,10
浟,10
浡,10
浢,10
浤,10
浥,10
浧,10
浨,10
浫,10
浬,10
浭,10
浰,10
浱,10
浲,10
浳,10
浵,10
浶,10
浹,10
浺,10
浻,10
浽,10
浾,10
浿,10
涀,10
涁,10
涃,10
涄,10
涆,10
涇,10
涊,10
涋,10
涍,10
涐,10
涒,10
涖,10
涗,10
涘,10
涙,10
涚,10
涜,10
涢,10
涥,10
淓,10
淽,10
烄,10
烅,10
烆,10
烇,10
烉,10
烋,10
烌,10
烍,10
烏,10
烐,10
烑,10
烒,10
烓,10
烔,10
烕,10
烖,10
烗,10
烚,10
烜,10
烝,10
烞,10
烠,10
烡,10
烢,10
烣,10
烥,10
烪,10
烮,10
烵,10
烶,10
烻,10
焒,10
牂,10
牶,10
牷,10
牸,10
狵,10
狶,10
狹,10
狽,10
狾,10
猀,10
猂,10
猐,10
玆,10
玼,10
珒,10
珓,10
珔,10
珕,10
珖,10
珗,10
珘,10
珚,10
珛,10
珜,10
珝,10
珟,10
珡,10
珢,10
珣,10
珤,10
珦,10
珨,10
珪,10
珫,10
珬,10
珮,10
珯,10
珰,10
珱,10
珹,10
珽,10
琤,10
瓟,10
甡,10
畕,10
畖,10
畗,10
畘,10
畝,10
畞,10
畟,10
畠,10
畢,10
疍,10
疶,10
疷,10
疻,10
疿,10
痀,10
痁,10
痆,10
皊,10
皌,10
皰,10
盋,10
眐,10
眑,10
眒,10
眓,10
眔,10
眗,10
眛,10
眝,10
眡,10
眤,10
眧,10
眪,10
眿,10
砞,10
砠,10
砡,10
砨,10
砯,10
砱,10
砳,10
砵,10
砶,10
砽,10
砿,10
祣,10
祬,10
秚,10
秛,10
秜,10
秝,10
秞,10
秡,10
秥,10
秨,10
秪,10
秮,10
窉,10
竘,10
竛,10
竜,10
笅,10
笌,10
笒,10
笓,10
粄,10
粅,10
粆,10
粇,10
粈,10
紌,10
紎,10
紑,10
紒,10
紕,10
紜,10
紞,10
紟,10
紡,10
紥,10
紦,10
缹,10
缼,10
罛,10
罜,10
罞,10
罠,10
羐,10
羒,10
羓,10
羖,10
羘,10
翄,10
耟,10
耹,10
耺,10
耼,10
耾,10
聀,10
聁,10
肁,10
肂,10
胮,10
胷,10
胻,10
胿,10
脀,10
脁,10
脃,10
脄,10
脇,10
脋,10
脌,10
脠,10
脡,10
舥,10
舧,10
舩,10
舮,10
荰,10
荱,10
荲,10
荴,10
荵,10
荶,10
荹,10
荺,10
荾,10
莀,10
莃,10
莄,10
莇,10
莈,10
莋,10
莌,10
莍,10
莏,10
莐,10
莑,10
莔,10
莗,10
莝,10
莟,10
莡,10
莣,10
莥,10
莦,10
莧,10
莬,10
莭,10
莮,10
莯,10
莰,10
虓,10
蚄,10
蚅,10
蚆,10
蚇,10
蚉,10
蚎,10
蚏,10
蚐,10
蚔,10
蚗,10
蚙,10
蚚,10
蚛,10
蚞,10
蚟,10
蚠,10
蚥,10
蚦,10
蚷,10
衃,10
衏,10
衐,10
衺,10
袎,10
袏,10
袙,10
袡,10
袮,10
袯,10
覎,10
觙,10
訍,10
訖,10
訯,10
谸,10
豻,10
赸,10
軑,10
軕,10
逎,10
逘,10
逜,10
逥,10
逧,10
郩,10
郬,10
郮,10
郰,10
郲,10
郳,10
郷,10
鄀,10
酏,10
酑,10
釕,10
釖,10
釗,10
釚,10
釞,10
铇,10
镹,10
閄,10
閅,10
陚,10
陫,10
陭,10
陯,10
陱,10
陹,10
険,10
飣,10
飤,10
鬥,10
豈,10
烙,10
珞,10
朗,10
浪,10
狼,10
郎,10
凌,10
索,10
凉,10
旅,10
烈,10
料,10
流,10
留,10
紐,10
倫,10
栗,10
﨏,10
益,10
神,10
𠀼,10
𠀽,10
𠀾,10
𠀿,10
𠁀,10
𠁰,10
𠁱,10
𠂃,10
𠂹,10
𠂺,10
𠂻,10
𠂼,10
𠂽,10
𠂾,10
𠃸,10
𠃹,10
𠃺,10
𠃻,10
𠄵,10
𠄶,10
𠄷,10
𠄸,10
𠅖,10
𠅗,10
𠅘,10
𠅙,10
𠅚,10
𠅛,10
𠅜,10
𠅝,10
𠉣,10
𠉤,10
𠉥,10
𠉦,10
𠉧,10
𠉨,10
𠉩,10
𠉪,10
𠉫,10
𠉬,10
𠉭,10
𠉮,10
𠉯,10
𠉰,10
𠉱,10
𠉲,10
𠉳,10
𠉴,10
𠉵,10
𠉶,10
𠉷,10
𠉸,10
𠉹,10
𠉺,10
𠉻,10
𠉼,10
𠉽,10
𠉾,10
𠉿,10
𠊀,10
𠊁,10
𠊂,10
𠊃,10
𠊄,10
𠊅,10
𠊆,10
𠊇,10
𠊈,10
𠊉,10
𠊊,10
𠊋,10
𠊌,10
𠊍,10
𠊎,10
𠊏,10
𠊐,10
𠊑,10
𠊒,10
𠊓,10
𠊔,10
𠊕,10
𠊖,10
𠊗,10
𠊘,10
𠊙,10
𠊚,10
𠊛,10
𠊜,10
𠊝,10
𠊞,10
𠊟,10
𠊠,10
𠊡,10
𠊢,10
𠊣,10
𠊤,10
𠊥,10
𠊦,10
𠋟,10
𠒐,10
𠒑,10
𠒒,10
𠒓,10
𠒔,10
𠒕,10
𠒖,10
𠓭,10
𠓮,10
𠓯,10
𠓰,10
𠔙,10
𠔚,10
𠔛,10
𠕝,10
𠕞,10
𠕟,10
𠖌,10
𠖍,10
𠖎,10
𠖏,10
𠖐,10
𠖑,10
𠖒,10
𠗘,10
𠗙,10
𠗚,10
𠗛,10
𠗜,10
𠗝,10
𠗞,10
𠗟,10
𠗠,10
𠗡,10
𠗢,10
𠗣,10
𠗤,10
𠙒,10
𠙓,10
𠙔,10
𠙕,10
𠙖,10
𠙗,10
𠚒,10
𠚓,10
𠜱,10
𠜲,10
𠜳,10
𠜴,10
𠜵,10
𠜶,10
𠜷,10
𠜸,10
𠜹,10
𠜺,10
𠜻,10
𠜼,10
𠜽,10
𠜾,10
𠜿,10
𠝀,10
𠝁,10
𠝂,10
𠝃,10
𠝄,10
𠝅,10
𠝆,10
𠝇,10
𠝈,10
𠝉,10
𠝊,10
𠝋,10
𠝌,10
𠝍,10
𠝎,10
𠝏,10
𠝐,10
𠝑,10
𠝒,10
𠝓,10
𠝔,10
𠝕,10
𠝖,10
𠝗,10
𠝘,10
𠝙,10
𠝚,10
𠝛,10
𠝜,10
𠝶,10
𠡫,10
𠡬,10
𠡭,10
𠡮,10
𠡯,10
𠡰,10
𠡱,10
𠡲,10
𠡳,10
𠡴,10
𠡵,10
𠡶,10
𠡷,10
𠡸,10
𠡹,10
𠡺,10
𠣤,10
𠣥,10
𠣦,10
𠣧,10
𠣨,10
𠣩,10
𠣪,10
𠣫,10
𠣬,10
𠣭,10
𠤞,10
𠤟,10
𠤠,10
𠤡,10
𠤢,10
𠥉,10
𠥊,10
𠥋,10
𠥌,10
𠥍,10
𠥶,10
𠦣,10
𠦤,10
𠦥,10
𠦦,10
𠦧,10
𠦨,10
𠦩,10
𠧳,10
𠧴,10
𠧵,10
𠧶,10
𠧷,10
𠧹,10
𠨞,10
𠩧,10
𠩨,10
𠩩,10
𠩪,10
𠩫,10
𠩬,10
𠩭,10
𠩮,10
𠩯,10
𠩰,10
𠩱,10
𠩲,10
𠩳,10
𠩴,10
𠩵,10
𠩶,10
𠩷,10
𠫹,10
𠫺,10
𠫻,10
𠫼,10
𠭊,10
𠭋,10
𠭌,10
𠭍,10
𠭎,10
𠭏,10
𠭐,10
𠭑,10
𠭒,10
𠭓,10
𠭔,10
𠲬,10
𠲭,10
𠲮,10
𠲯,10
𠲰,10
𠲱,10
𠲲,10
𠲳,10
𠲴,10
𠲵,10
𠲶,10
𠲷,10
𠲸,10
𠲹,10
𠲺,10
𠲻,10
𠲼,10
𠲽,10
𠲾,10
𠲿,10
𠳀,10
𠳁,10
𠳂,10
𠳃,10
𠳄,10
𠳅,10
𠳆,10
𠳇,10
𠳈,10
𠳉,10
𠳊,10
𠳋,10
𠳌,10
𠳍,10
𠳎,10
𠳏,10
𠳐,10
𠳑,10
𠳒,10
𠳓,10
𠳔,10
𠳕,10
𠳖,10
𠳗,10
𠳘,10
𠳙,10
𠳚,10
𠳛,10
𠳜,10
𠳝,10
𠳞,10
𠳟,10
𠳠,10
𠳡,10
𠳢,10
𠳣,10
𠳤,10
𠳦,10
𠳧,10
𠳨,10
𠳩,10
𠳪,10
𠳫,10
𠳬,10
𠳭,10
𠳮,10
𠳯,10
𠳰,10
𠳱,10
𠳲,10
𠳳,10
𠳴,10
𠳵,10
𠳶,10
𠳷,10
𠳸,10
𠳹,10
𠳺,10
𠳻,10
𠳼,10
𠳽,10
𠳾,10
𠳿,10
𠴀,10
𠴁,10
𠴂,10
𠴃,10
𠴄,10
𠴅,10
𠴆,10
𠴇,10
𠴈,10
𠴉,10
𠴊,10
𠴋,10
𠴌,10
𠴍,10
𠴎,10
𠴏,10
𠴐,10
𠴑,10
𠴒,10
𠴓,10
𠴔,10
𠴕,10
𠴖,10
𠴗,10
𠴘,10
𠴙,10
𠴚,10
𠴛,10
𠴜,10
𠴝,10
𠴞,10
𠴟,10
𠴠,10
𠴡,10
𠴢,10
𠴣,10
𠴤,10
𠴥,10
𠴦,10
𡇠,10
𡇡,10
𡇢,10
𡇣,10
𡇤,10
𡇥,10
𡇦,10
𡇧,10
𡇨,10
𡇩,10
𡇪,10
𡇫,10
𡇬,10
𡇭,10
𡇮,10
𡇯,10
𡋭,10
𡋮,10
𡋯,10
𡋰,10
𡋱,10
𡋲,10
𡋳,10
𡋴,10
𡋵,10
𡋶,10
𡋷,10
𡋸,10
𡋹,10
𡋺,10
𡋻,10
𡋼,10
𡋽,10
𡋾,10
𡋿,10
𡌀,10
𡌁,10
𡌂,10
𡌃,10
𡌄,10
𡌅,10
𡌆,10
𡌇,10
𡌈,10
𡌉,10
𡌊,10
𡌋,10
𡌌,10
𡌍,10
𡌎,10
𡌏,10
𡌐,10
𡌑,10
𡌒,10
𡌓,10
𡌔,10
𡌕,10
𡌖,10
𡌗,10
𡌘,10
𡌙,10
𡌚,10
𡌛,10
𡌜,10
𡌝,10
𡌞,10
𡌟,10
𡌠,10
𡌡,10
𡌢,10
𡌣,10
𡌤,10
𡌥,10
𡔣,10
𡔤,10
𡔥,10
𡔦,10
𡔧,10
𡔨,10
𡔩,10
𡕚,10
𡕦,10
𡖒,10
𡖓,10
𡖔,10
𡖕,10
𡖖,10
𡖗,10
𡖘,10
𡖙,10
𡖚,10
𡖛,10
𡖜,10
𡘝,10
𡘞,10
𡘟,10
𡘠,10
𡘡,10
𡘢,10
𡘣,10
𡘤,10
𡘥,10
𡘦,10
𡘧,10
𡘨,10
𡘩,10
𡘪,10
𡘫,10
𡘬,10
𡘭,10
𡘮,10
𡘯,10
𡘰,10
𡘱,10
𡘲,10
𡘳,10
𡜮,10
𡜯,10
𡜰,10
𡜱,10
𡜲,10
𡜳,10
𡜴,10
𡜵,10
𡜶,10
𡜷,10
𡜸,10
𡜹,10
𡜺,10
𡜻,10
𡜼,10
𡜽,10
𡜾,10
𡜿,10
𡝀,10
𡝁,10
𡝂,10
𡝃,10
𡝄,10
𡝅,10
𡝆,10
𡝇,10
𡝈,10
𡝉,10
𡝊,10
𡝋,10
𡝌,10
𡝍,10
𡝎,10
𡝏,10
𡝐,10
𡝑,10
𡝒,10
𡝓,10
𡝔,10
𡝕,10
𡝖,10
𡝗,10
𡝘,10
𡝙,10
𡝚,10
𡝛,10
𡝜,10
𡝝,10
𡥨,10
𡥩,10
𡥪,10
𡥫,10
𡥬,10
𡥭,10
𡨀,10
𡨁,10
𡨂,10
𡨃,10
𡨄,10
𡨅,10
𡨆,10
𡨇,10
𡨈,10
𡨉,10
𡨊,10
𡨋,10
𡨌,10
𡨍,10
𡨎,10
𡨏,10
𡨐,10
𡨑,10
𡨒,10
𡨓,10
𡨔,10
𡨕,10
𡨖,10
𡨗,10
𡨘,10
𡨙,10
𡨚,10
𡨛,10
𡨜,10
𡨝,10
𡨞,10
𡨟,10
𡨠,10
𡨡,10
𡬭,10
𡭴,10
𡭵,10
𡭶,10
𡭷,10
𡭸,10
𡭹,10
𡭺,10
𡭻,10
𡭼,10
𡯨,10
𡯩,10
𡯪,10
𡯫,10
𡯬,10
𡯭,10
𡯮,10
𡯯,10
𡯰,10
𡯱,10
𡯲,10
𡱢,10
𡱣,10
𡱤,10
𡱥,10
𡱦,10
𡱧,10
𡱨,10
𡱩,10
𡱪,10
𡱫,10
𡱬,10
𡱭,10
𡱮,10
𡱯,10
𡱰,10
𡱱,10
𡱲,10
𡱳,10
𡱴,10
𡱵,10
𡱶,10
𡱷,10
𡱸,10
𡱹,10
𡴕,10
𡴖,10
𡴗,10
𡴘,10
𡴙,10
𡴚,10
𡷕,10
𡷖,10
𡷗,10
𡷘,10
𡷙,10
𡷚,10
𡷛,10
𡷜,10
𡷝,10
𡷞,10
𡷟,10
𡷠,10
𡷡,10
𡷢,10
𡷣,10
𡷤,10
𡷥,10
𡷦,10
𡷧,10
𡷨,10
𡷩,10
𡷪,10
𡷫,10
𡷬,10
𡷭,10
𡷮,10
𡷯,10
𡷰,10
𡷱,10
𡷲,10
𡷳,10
𡷴,10
𡷵,10
𡷶,10
𡷷,10
𡷸,10
𡷹,10
𡷺,10
𡷻,10
𡷼,10
𡷽,10
𡷾,10
𡷿,10
𡸀,10
𡸁,10
𡸂,10
𡸃,10
𡸄,10
𡸅,10
𡸆,10
𡸇,10
𡸈,10
𡸉,10
𡸊,10
𡸋,10
𡸌,10
𡸍,10
𡸎,10
𡸏,10
𡸐,10
𡿼,10
𡿽,10
𢀡,10
𢀢,10
𢀼,10
𢀽,10
𢀾,10
𢀿,10
𢂱,10
𢂲,10
𢂳,10
𢂴,10
𢂵,10
𢂶,10
𢂷,10
𢂸,10
𢂹,10
𢂺,10
𢂻,10
𢂼,10
𢂽,10
𢂾,10
𢂿,10
𢃀,10
𢃁,10
𢃂,10
𢃃,10
𢃄,10
𢃅,10
𢃆,10
𢃇,10
𢃈,10
𢃉,10
𢃊,10
𢃋,10
𢃌,10
𢆖,10
𢆗,10
𢆘,10
𢆙,10
𢇁,10
𢇃,10
𢇄,10
𢇅,10
𢇆,10
𢈙,10
𢈚,10
𢈛,10
𢈜,10
𢈝,10
𢈞,10
𢈟,10
𢈠,10
𢈡,10
𢈢,10
𢈣,10
𢈤,10
𢈥,10
𢈦,10
𢈧,10
𢈨,10
𢈩,10
𢈪,10
𢈫,10
𢈬,10
𢈭,10
𢈮,10
𢈯,10
𢈰,10
𢈱,10
𢈲,10
𢌦,10
𢌧,10
𢍍,10
𢍎,10
𢍏,10
𢍐,10
𢍑,10
𢍒,10
𢍓,10
𢎋,10
𢎌,10
𢏤,10
𢏥,10
𢏦,10
𢏧,10
𢏨,10
𢏩,10
𢏪,10
𢏫,10
𢏬,10
𢏭,10
𢑛,10
𢑜,10
𢑝,10
𢒏,10
𢒐,10
𢒑,10
𢒒,10
𢒓,10
𢓪,10
𢓫,10
𢓬,10
𢓭,10
𢓮,10
𢓯,10
𢓰,10
𢓱,10
𢓲,10
𢓳,10
𢓴,10
𢓵,10
𢓶,10
𢓷,10
𢓸,10
𢓹,10
𢓺,10
𢓻,10
𢓼,10
𢓽,10
𢓾,10
𢓿,10
𢔀,10
𢙱,10
𢙲,10
𢙳,10
𢙴,10
𢙵,10
𢙶,10
𢙷,10
𢙸,10
𢙹,10
𢙺,10
𢙻,10
𢙼,10
𢙽,10
𢙾,10
𢙿,10
𢚀,10
𢚁,10
𢚂,10
𢚃,10
𢚄,10
𢚅,10
𢚆,10
𢚇,10
𢚈,10
𢚉,10
𢚊,10
𢚋,10
𢚌,10
𢚍,10
𢚎,10
𢚏,10
𢚐,10
𢚑,10
𢚒,10
𢚓,10
𢚔,10
𢚕,10
𢚖,10
𢚗,10
𢚘,10
𢚙,10
𢚚,10
𢚛,10
𢚜,10
𢚝,10
𢚞,10
𢚟,10
𢚠,10
𢚡,10
𢚢,10
𢚣,10
𢚤,10
𢚥,10
𢚦,10
𢚧,10
𢚨,10
𢚩,10
𢚪,10
𢚫,10
𢚬,10
𢚭,10
𢚮,10
𢚯,10
𢚰,10
𢚱,10
𢚲,10
𢚳,10
𢚴,10
𢚵,10
𢚶,10
𢚷,10
𢚸,10
𢚹,10
𢚺,10
𢚻,10
𢚼,10
𢚽,10
𢚾,10
𢚿,10
𢦷,10
𢦸,10
𢦹,10
𢦺,10
𢦻,10
𢦼,10
𢦽,10
𢦾,10
𢩅,10
𢩆,10
𢩇,10
𢩈,10
𢩉,10
𢩊,10
𢩋,10
𢩌,10
𢬯,10
𢬰,10
𢬱,10
𢬲,10
𢬳,10
𢬴,10
𢬵,10
𢬶,10
𢬷,10
𢬸,10
𢬹,10
𢬺,10
𢬻,10
𢬼,10
𢬽,10
𢬾,10
𢬿,10
𢭀,10
𢭁,10
𢭂,10
𢭃,10
𢭄,10
𢭅,10
𢭆,10
𢭇,10
𢭈,10
𢭉,10
𢭊,10
𢭋,10
𢭌,10
𢭍,10
𢭎,10
𢭏,10
𢭐,10
𢭑,10
𢭒,10
𢭓,10
𢭔,10
𢭕,10
𢭖,10
𢭗,10
𢭘,10
𢭙,10
𢭚,10
𢭛,10
𢭜,10
𢭝,10
𢭞,10
𢭟,10
𢭠,10
𢭡,10
𢭢,10
𢭣,10
𢭤,10
𢭥,10
𢭦,10
𢭧,10
𢭨,10
𢭩,10
𢭪,10
𢭫,10
𢭬,10
𢭭,10
𢭮,10
𢭯,10
𢭰,10
𢭱,10
𢭲,10
𢭳,10
𢭴,10
𢭵,10
𢭶,10
𢭷,10
𢭸,10
𢭹,10
𢭺,10
𢭻,10
𢭼,10
𢭽,10
𢭾,10
𢭿,10
𢮀,10
𢻁,10
𢻂,10
𢻃,10
𢻄,10
𢻅,10
𢻆,10
𢻇,10
𢻈,10
𢻉,10
𢼛,10
𢼜,10
𢼝,10
𢼞,10
𢼟,10
𢼠,10
𢼡,10
𢼢,10
𢼣,10
𢼤,10
𢼥,10
𢼦,10
𢼧,10
𢼨,10
𢼩,10
𢼪,10
𢼫,10
𢼬,10
𢼭,10
𢼮,10
𢼯,10
𢼰,10
𢼱,10
𢼲,10
𢼳,10
𢼴,10
𢼵,10
𢼶,10
𢼷,10
𢼸,10
𣁊,10
𣁋,10
𣁌,10
𣁍,10
𣁳,10
𣁴,10
𣁵,10
𣁶,10
𣂛,10
𣂜,10
𣂝,10
𣃦,10
𣃧,10
𣃨,10
𣃩,10
𣃪,10
𣃫,10
𣃬,10
𣃭,10
𣃮,10
𣃯,10
𣃰,10
𣃱,10
𣃲,10
𣄱,10
𣄲,10
𣄳,10
𣆒,10
𣆓,10
𣆔,10
𣆕,10
𣆖,10
𣆗,10
𣆘,10
𣆙,10
𣆚,10
𣆛,10
𣆜,10
𣆝,10
𣆞,10
𣆟,10
𣆠,10
𣆡,10
𣆢,10
𣆣,10
𣆤,10
𣆥,10
𣆦,10
𣆧,10
𣆨,10
𣆩,10
𣆪,10
𣆫,10
𣆬,10
𣆭,10
𣆮,10
𣆯,10
𣆰,10
𣆱,10
𣌭,10
𣌮,10
𣌯,10
𣌰,10
𣌱,10
𣌲,10
𣌳,10
𣌴,10
𣌵,10
𣌶,10
𣍭,10
𣍮,10
𣍯,10
𣍰,10
𣐵,10
𣐶,10
𣐷,10
𣐸,10
𣐹,10
𣐺,10
𣐻,10
𣐼,10
𣐽,10
𣐾,10
𣐿,10
𣑀,10
𣑁,10
𣑂,10
𣑃,10
𣑄,10
𣑅,10
𣑆,10
𣑇,10
𣑈,10
𣑉,10
𣑊,10
𣑋,10
𣑌,10
𣑍,10
𣑎,10
𣑏,10
𣑐,10
𣑑,10
𣑒,10
𣑓,10
𣑔,10
𣑕,10
𣑖,10
𣑗,10
𣑘,10
𣑙,10
𣑚,10
𣑛,10
𣑜,10
𣑝,10
𣑞,10
𣑟,10
𣑠,10
𣑡,10
𣑢,10
𣑣,10
𣑤,10
𣑥,10
𣑦,10
𣑧,10
𣑨,10
𣑩,10
𣑪,10
𣑫,10
𣑬,10
𣑭,10
𣑮,10
𣑯,10
𣑰,10
𣑱,10
𣑲,10
𣑳,10
𣑴,10
𣑵,10
𣑶,10
𣑷,10
𣑸,10
𣑹,10
𣑺,10
𣑻,10
𣑼,10
𣑽,10
𣑾,10
𣢧,10
𣢨,10
𣢩,10
𣢪,10
𣢫,10
𣢬,10
𣢭,10
𣢮,10
𣢯,10
𣢰,10
𣢱,10
𣢲,10
𣢳,10
𣢴,10
𣢵,10
𣢶,10
𣢷,10
𣢸,10
𣢹,10
𣥦,10
𣥧,10
𣥨,10
𣥩,10
𣥪,10
𣥫,10
𣥬,10
𣥭,10
𣥮,10
𣥯,10
𣥰,10
𣥱,10
𣥲,10
𣧲,10
𣧳,10
𣧴,10
𣧵,10
𣧶,10
𣧷,10
𣧸,10
𣧹,10
𣧺,10
𣧻,10
𣧼,10
𣧽,10
𣧾,10
𣧿,10
𣨀,10
𣨁,10
𣨂,10
𣨃,10
𣨄,10
𣪈,10
𣪉,10
𣪊,10
𣫴,10
𣬈,10
𣬉,10
𣬊,10
𣭜,10
𣭝,10
𣭞,10
𣭟,10
𣭠,10
𣭡,10
𣭢,10
𣭣,10
𣭤,10
𣭥,10
𣭦,10
𣭧,10
𣭨,10
𣭩,10
𣭪,10
𣭫,10
𣭬,10
𣭭,10
𣭮,10
𣭯,10
𣭰,10
𣱡,10
𣴞,10
𣴟,10
𣴠,10
𣴡,10
𣴢,10
𣴣,10
𣴤,10
𣴥,10
𣴦,10
𣴧,10
𣴨,10
𣴩,10
𣴪,10
𣴫,10
𣴬,10
𣴭,10
𣴮,10
𣴯,10
𣴰,10
𣴱,10
𣴲,10
𣴳,10
𣴴,10
𣴵,10
𣴶,10
𣴷,10
𣴸,10
𣴹,10
𣴺,10
𣴻,10
𣴼,10
𣴽,10
𣴾,10
𣴿,10
𣵀,10
𣵁,10
𣵂,10
𣵃,10
𣵄,10
𣵅,10
𣵆,10
𣵇,10
𣵈,10
𣵉,10
𣵊,10
𣵋,10
𣵌,10
𣵍,10
𣵎,10
𣵏,10
𣵐,10
𣵑,10
𣵒,10
𣵓,10
𣵔,10
𣵕,10
𣵖,10
𣵗,10
𣵘,10
𣵙,10
𣵚,10
𣵛,10
𣵜,10
𣵝,10
𣵞,10
𣵟,10
𣵠,10
𣵡,10
𣵢,10
𣵣,10
𣵤,10
𣵥,10
𣵦,10
𣵧,10
𣵨,10
𣵩,10
𣵪,10
𣵫,10
𣵬,10
𣵭,10
𣵮,10
𣵯,10
𣵰,10
𣵱,10
𣵲,10
𣵳,10
𣵴,10
𣵵,10
𣵶,10
𣷚,10
𤇯,10
𤇰,10
𤇱,10
𤇲,10
𤇳,10
𤇴,10
𤇵,10
𤇶,10
𤇷,10
𤇸,10
𤇹,10
𤇺,10
𤇻,10
𤇼,10
𤇽,10
𤇾,10
𤇿,10
𤈀,10
𤈁,10
𤈂,10
𤈃,10
𤈄,10
𤈅,10
𤈆,10
𤈇,10
𤈈,10
𤈉,10
𤈊,10
𤈋,10
𤈌,10
𤈍,10
𤈎,10
𤈏,10
𤈐,10
𤈑,10
𤈒,10
𤈓,10
𤈔,10
𤈕,10
𤈖,10
𤈗,10
𤈘,10
𤈙,10
𤈚,10
𤈛,10
𤈜,10
𤈝,10
𤈞,10
𤈟,10
𤈠,10
𤈡,10
𤈢,10
𤈣,10
𤈤,10
𤔌,10
𤔍,10
𤔎,10
𤔏,10
𤕓,10
𤕔,10
𤕠,10
𤕡,10
𤕶,10
𤕷,10
𤕸,10
𤕹,10
𤕺,10
𤖺,10
𤖻,10
𤖼,10
𤖽,10
𤖾,10
𤖿,10
𤘈,10
𤘉,10
𤙑,10
𤙒,10
𤙓,10
𤙔,10
𤙕,10
𤙖,10
𤙗,10
𤙘,10
𤙙,10
𤙚,10
𤞙,10
𤞚,10
𤞛,10
𤞜,10
𤞝,10
𤞞,10
𤞟,10
𤞠,10
𤞡,10
𤞢,10
𤞤,10
𤞥,10
𤞦,10
𤞧,10
𤞨,10
𤞩,10
𤞪,10
𤞫,10
𤞬,10
𤞭,10
𤞮,10
𤞯,10
𤞰,10
𤞱,10
𤞲,10
𤞳,10
𤞴,10
𤞵,10
𤞶,10
𤞷,10
𤞸,10
𤞹,10
𤞺,10
𤞻,10
𤞼,10
𤞽,10
𤞾,10
𤞿,10
𤟀,10
𤟁,10
𤟂,10
𤤵,10
𤤶,10
𤤷,10
𤤸,10
𤤹,10
𤤺,10
𤤻,10
𤤼,10
𤤽,10
𤤾,10
𤤿,10
𤥀,10
𤥁,10
𤥂,10
𤥃,10
𤥄,10
𤥅,10
𤥆,10
𤥇,10
𤥈,10
𤥉,10
𤥊,10
𤥋,10
𤥌,10
𤥍,10
𤥎,10
𤥏,10
𤥐,10
𤥑,10
𤥒,10
𤥓,10
𤥔,10
𤥕,10
𤫰,10
𤫱,10
𤫲,10
𤫳,10
𤫴,10
𤬳,10
𤬴,10
𤬵,10
𤬶,10
𤬷,10
𤬸,10
𤬹,10
𤬺,10
𤬻,10
𤬼,10
𤬽,10
𤯅,10
𤯟,10
𤰇,10
𤱌,10
𤱍,10
𤱎,10
𤱏,10
𤱐,10
𤱑,10
𤱒,10
𤱓,10
𤱔,10
𤱕,10
𤱖,10
𤱗,10
𤱘,10
𤱙,10
𤱚,10
𤱛,10
𤱜,10
𤱝,10
𤱞,10
𤱟,10
𤱠,10
𤱡,10
𤱢,10
𤱣,10
𤱤,10
𤴗,10
𤵗,10
𤵘,10
𤵙,10
𤵚,10
𤵛,10
𤵜,10
𤵝,10
𤵞,10
𤵟,10
𤵠,10
𤵡,10
𤵢,10
𤵣,10
𤵤,10
𤵥,10
𤵦,10
𤵧,10
𤵨,10
𤵩,10
𤵪,10
𤵫,10
𤵬,10
𤵭,10
𤵮,10
𤵯,10
𤵰,10
𤵱,10
𤵲,10
𤵳,10
𤵴,10
𤵵,10
𤵶,10
𤼩,10
𤼪,10
𤼫,10
𤽘,10
𤽙,10
𤽚,10
𤽛,10
𤽜,10
𤽝,10
𤽞,10
𤽟,10
𤽠,10
𤽡,10
𤽢,10
𤽣,10
𤽤,10
𤿕,10
𤿖,10
𤿗,10
𤿘,10
𤿙,10
𤿚,10
𤿛,10
𤿜,10
𤿝,10
𤿞,10
𥁎,10
𥁏,10
𥁐,10
𥁑,10
𥁒,10
𥁓,10
𥁔,10
𥁕,10
𥁖,10
𥁗,10
𥁘,10
𥁙,10
𥁚,10
𥁛,10
𥁜,10
𥁝,10
𥁫,10
𥄱,10
𥄲,10
𥄳,10
𥄴,10
𥄵,10
𥄶,10
𥄷,10
𥄸,10
𥄹,10
𥄺,10
𥄻,10
𥄼,10
𥄽,10
𥄾,10
𥄿,10
𥅀,10
𥅁,10
𥅂,10
𥅃,10
𥅄,10
𥅅,10
𥅆,10
𥅇,10
𥅈,10
𥅉,10
𥅊,10
𥅋,10
𥅌,10
𥅍,10
𥅎,10
𥅏,10
𥅐,10
𥅑,10
𥅒,10
𥅓,10
𥅔,10
𥅕,10
𥅖,10
𥅗,10
𥅘,10
𥅙,10
𥍡,10
𥍢,10
𥍣,10
𥍤,10
𥍥,10
𥍦,10
𥎰,10
𥎱,10
𥎲,10
𥎳,10
𥎴,10
𥎵,10
𥎶,10
𥎷,10
𥎸,10
𥑆,10
𥑇,10
𥑈,10
𥑉,10
𥑊,10
𥑋,10
𥑌,10
𥑍,10
𥑎,10
𥑏,10
𥑐,10
𥑑,10
𥑒,10
𥑓,10
𥑔,10
𥑕,10
𥑖,10
𥑗,10
𥑘,10
𥑙,10
𥑚,10
𥑛,10
𥑜,10
𥑝,10
𥑞,10
𥑟,10
𥑠,10
𥑡,10
𥑢,10
𥑣,10
𥑤,10
𥑥,10
𥑦,10
𥑧,10
𥑨,10
𥑩,10
𥑪,10
𥑫,10
𥑬,10
𥑭,10
𥑮,10
𥑯,10
𥑰,10
𥑱,10
𥑲,10
𥙎,10
𥙏,10
𥙐,10
𥙑,10
𥙒,10
𥙓,10
𥙔,10
𥙕,10
𥙖,10
𥙗,10
𥙘,10
𥙙,10
𥙚,10
𥙛,10
𥙜,10
𥙝,10
𥙞,10
𥙟,10
𥙠,10
𥙡,10
𥙢,10
𥙣,10
𥙤,10
𥙥,10
𥙦,10
𥙧,10
𥙨,10
𥙩,10
𥙪,10
𥜽,10
𥝾,10
𥝿,10
𥞀,10
𥞁,10
𥞂,10
𥞃,10
𥞄,10
𥞅,10
𥞆,10
𥞇,10
𥞈,10
𥞉,10
𥞊,10
𥞋,10
𥞌,10
𥞍,10
𥞎,10
𥞏,10
𥞐,10
𥞑,10
𥞒,10
𥞓,10
𥞔,10
𥞕,10
𥞖,10
𥞗,10
𥥇,10
𥥈,10
𥥉,10
𥥊,10
𥥋,10
𥥌,10
𥥍,10
𥥎,10
𥥏,10
𥥐,10
𥥑,10
𥥒,10
𥥓,10
𥥔,10
𥥕,10
𥥖,10
𥥗,10
𥥘,10
𥥙,10
𥥚,10
𥥛,10
𥥜,10
𥥝,10
𥥞,10
𥥟,10
𥩠,10
𥩡,10
𥩢,10
𥩣,10
𥩤,10
𥩥,10
𥩦,10
𥩧,10
𥩨,10
𥩩,10
𥩪,10
𥩫,10
𥩬,10
𥩭,10
𥩮,10
𥩯,10
𥩰,10
𥫯,10
𥫰,10
𥫱,10
𥫲,10
𥫳,10
𥫴,10
𥫵,10
𥫶,10
𥫷,10
𥫸,10
𥫹,10
𥫺,10
𥫻,10
𥫼,10
𥫽,10
𥫾,10
𥫿,10
𥬀,10
𥬁,10
𥬂,10
𥬃,10
𥬄,10
𥬅,10
𥬆,10
𥬇,10
𥬈,10
𥬉,10
𥬊,10
𥬋,10
𥸳,10
𥸴,10
𥸵,10
𥸶,10
𥸷,10
𥸸,10
𥸹,10
𥸺,10
𥸻,10
𥸼,10
𥸽,10
𥸾,10
𥸿,10
𥹀,10
𥾙,10
𥾚,10
𥾛,10
𥾜,10
𥾝,10
𥾞,10
𥾟,10
𥾠,10
𥾡,10
𥾢,10
𥾣,10
𥾤,10
𥾥,10
𥾦,10
𥾧,10
𥾨,10
𥾩,10
𥾪,10
𥾫,10
𥾬,10
𥾭,10
𥾮,10
𥾯,10
𥾰,10
𥾱,10
𥾲,10
𥾳,10
𥾴,10
𥾵,10
𥾶,10
𥾷,10
𥾸,10
𥾹,10
𥾺,10
𥾻,10
𥾼,10
𥾽,10
𥾾,10
𥾿,10
𥿀,10
𥿁,10
𥿂,10
𦈊,10
𦈋,10
𦈌,10
𦈦,10
𦈧,10
𦈨,10
𦊎,10
𦊏,10
𦊐,10
𦊑,10
𦊒,10
𦊓,10
𦊔,10
𦊕,10
𦊖,10
𦊗,10
𦊘,10
𦊙,10
𦊚,10
𦊛,10
𦊜,10
𦊝,10
𦊞,10
𦊟,10
𦊠,10
𦊡,10
𦊢,10
𦊣,10
𦊤,10
𦊥,10
𦊦,10
𦊧,10
𦊨,10
𦊩,10
𦊳,10
𦍗,10
𦍘,10
𦍙,10
𦍚,10
𦍛,10
𦍜,10
𦍝,10
𦍞,10
𦍟,10
𦍠,10
𦍡,10
𦍢,10
𦍣,10
𦍤,10
𦍮,10
𦐂,10
𦐃,10
𦐄,10
𦐅,10
𦐆,10
𦐇,10
𦐈,10
𦐉,10
𦐊,10
𦐋,10
𦐌,10
𦐍,10
𦐎,10
𦐏,10
𦐐,10
𦐑,10
𦐒,10
𦐓,10
𦐔,10
𦒺,10
𦒻,10
𦒼,10
𦒽,10
𦒾,10
𦒿,10
𦓒,10
𦓫,10
𦔼,10
𦔽,10
𦔾,10
𦔿,10
𦕀,10
𦕁,10
𦕂,10
𦕃,10
𦕄,10
𦕅,10
𦕆,10
𦕇,10
𦕈,10
𦕉,10
𦕊,10
𦕋,10
𦕌,10
𦕍,10
𦕎,10
𦕏,10
𦚝,10
𦚞,10
𦚟,10
𦚠,10
𦚡,10
𦚢,10
𦚣,10
𦚤,10
𦚥,10
𦚦,10
𦚧,10
𦚨,10
𦚩,10
𦚪,10
𦚫,10
𦚬,10
𦚭,10
𦚮,10
𦚯,10
𦚰,10
𦚱,10
𦚲,10
𦚳,10
𦚴,10
𦚵,10
𦚶,10
𦚷,10
𦚸,10
𦚹,10
𦚺,10
𦚻,10
𦚼,10
𦚽,10
𦚾,10
𦚿,10
𦛀,10
𦛁,10
𦛂,10
𦛃,10
𦛄,10
𦛅,10
𦛆,10
𦛇,10
𦛈,10
𦛉,10
𦛊,10
𦛋,10
𦛌,10
𦛍,10
𦛎,10
𦛏,10
𦛐,10
𦛑,10
𦛒,10
𦛓,10
𦣠,10
𦣡,10
𦣢,10
𦣣,10
𦤁,10
𦤂,10
𦤃,10
𦤄,10
𦤅,10
𦤆,10
𦤇,10
𦤈,10
𦤉,10
𦤊,10
𦤋,10
𦤹,10
𦤺,10
𦥝,10
𦥞,10
𦥟,10
𦥠,10
𦥡,10
𦥢,10
𦥣,10
𦥤,10
𦧈,10
𦧉,10
𦧊,10
𦧋,10
𦧌,10
𦧍,10
𦧎,10
𦧏,10
𦧐,10
𦨕,10
𦨖,10
𦨗,10
𦨘,10
𦨙,10
𦨚,10
𦨛,10
𦨜,10
𦨝,10
𦨞,10
𦨟,10
𦨠,10
𦭭,10
𦭮,10
𦭯,10
𦭰,10
𦭱,10
𦭲,10
𦭳,10
𦭴,10
𦭵,10
𦭶,10
𦭷,10
𦭸,10
𦭹,10
𦭺,10
𦭻,10
𦭼,10
𦭽,10
𦭾,10
𦭿,10
𦮀,10
𦮁,10
𦮂,10
𦮃,10
𦮄,10
𦮅,10
𦮆,10
𦮇,10
𦮈,10
𦮉,10
𦮊,10
𦮋,10
𦮌,10
𦮍,10
𦮎,10
𦮏,10
𦮐,10
𦮑,10
𦮒,10
𦮓,10
𦮔,10
𦮕,10
𦮖,10
𦮗,10
𦮘,10
𦮙,10
𦮚,10
𦮛,10
𦮜,10
𦮝,10
𦮞,10
𦮟,10
𦮠,10
𦮡,10
𦮢,10
𦮣,10
𦮤,10
𦮥,10
𦮦,10
𦮧,10
𦮨,10
𦮩,10
𦮪,10
𦮫,10
𦮬,10
𦮭,10
𦮮,10
𦮯,10
𦮰,10
𦮱,10
𦮲,10
𦮳,10
𦮴,10
𦮵,10
𧆟,10
𧆠,10
𧆡,10
𧆢,10
𧈻,10
𧈼,10
𧈽,10
𧈾,10
𧈿,10
𧉀,10
𧉁,10
𧉂,10
𧉃,10
𧉄,10
𧉅,10
𧉆,10
𧉇,10
𧉈,10
𧉉,10
𧉊,10
𧉋,10
𧉌,10
𧉍,10
𧉎,10
𧉏,10
𧉐,10
𧉑,10
𧉒,10
𧉓,10
𧉔,10
𧉕,10
𧉖,10
𧉗,10
𧉘,10
𧉙,10
𧉚,10
𧉛,10
𧉜,10
𧉝,10
𧖫,10
𧖬,10
𧖭,10
𧖮,10
𧖯,10
𧗦,10
𧗧,10
𧗨,10
𧗩,10
𧘽,10
𧘿,10
𧙀,10
𧙁,10
𧙂,10
𧙃,10
𧙄,10
𧙅,10
𧙆,10
𧙇,10
𧙈,10
𧙉,10
𧙊,10
𧙋,10
𧙌,10
𧙍,10
𧙎,10
𧙏,10
𧙐,10
𧙑,10
𧙒,10
𧙓,10
𧙔,10
𧙕,10
𧙖,10
𧙗,10
𧙘,10
𧙙,10
𧙚,10
𧙛,10
𧙜,10
𧙝,10
𧟧,10
𧟨,10
𧟩,10
𧠉,10
𧠊,10
𧠋,10
𧠌,10
𧠍,10
𧢷,10
𧢸,10
𧢹,10
𧢺,10
𧥡,10
𧥢,10
𧥣,10
𧥤,10
𧥥,10
𧥦,10
𧥧,10
𧥨,10
𧥩,10
𧥪,10
𧥫,10
𧥬,10
𧥭,10
𧮬,10
𧮭,10
𧮮,10
𧯛,10
𧯜,10
𧯝,10
𧰪,10
𧰫,10
𧰬,10
𧰭,10
𧲢,10
𧲣,10
𧴪,10
𧴫,10
𧴬,10
𧴭,10
𧴮,10
𧴯,10
𧴰,10
𧴱,10
𧴲,10
𧺏,10
𧺐,10
𧺑,10
𧺒,10
𧺓,10
𧺔,10
𧺕,10
𧺖,10
𧺗,10
𧺘,10
𧺙,10
𧺚,10
𧺛,10
𧺜,10
𧿁,10
𧿂,10
𧿃,10
𧿄,10
𧿅,10
𧿆,10
𧿇,10
𧿈,10
𧿉,10
𧿊,10
𧿋,10
𧿌,10
𧿍,10
𧿎,10
𧿏,10
𧿐,10
𧿑,10
𨈓,10
𨈔,10
𨈕,10
𨈖,10
𨈗,10
𨊧,10
𨊨,10
𨊩,10
𨊪,10
𨊫,10
𨊬,10
𨊭,10
𨊮,10
𨊯,10
𨊰,10
𨊱,10
𨊲,10
𨐈,10
𨐍,10
𨐎,10
𨓅,10
𨓆,10
𨓇,10
𨓈,10
𨓉,10
𨓊,10
𨓋,10
𨓌,10
𨓍,10
𨓎,10
𨓏,10
𨓐,10
𨓑,10
𨓒,10
𨓓,10
𨓔,10
𨓕,10
𨓖,10
𨓗,10
𨓘,10
𨓙,10
𨓚,10
𨓛,10
𨓜,10
𨓝,10
𨓞,10
𨓟,10
𨓠,10
𨓡,10
𨓢,10
𨓣,10
𨓤,10
𨓥,10
𨓦,10
𨓧,10
𨓨,10
𨓩,10
𨓪,10
𨛫,10
𨛬,10
𨛭,10
𨛮,10
𨛯,10
𨛰,10
𨛱,10
𨛲,10
𨛳,10
𨛴,10
𨛵,10
𨛶,10
𨛷,10
𨛸,10
𨛹,10
𨛺,10
𨛻,10
𨛼,10
𨛽,10
𨛾,10
𨛿,10
𨜀,10
𨜁,10
𨜂,10
𨜃,10
𨜄,10
𨜅,10
𨜆,10
𨜇,10
𨜈,10
𨜉,10
𨜊,10
𨜋,10
𨜌,10
𨜍,10
𨜎,10
𨟰,10
𨟱,10
𨟲,10
𨟳,10
𨤏,10
𨤣,10
𨤤,10
𨤽,10
𨤾,10
𨤿,10
𨥀,10
𨥁,10
𨱃,10
𨱄,10
𨱅,10
𨱆,10
𨳊,10
𨳋,10
𨳌,10
𨳍,10
𨳎,10
𨳏,10
𨹴,10
𨹵,10
𨹶,10
𨹷,10
𨹸,10
𨹹,10
𨹺,10
𨹻,10
𨹼,10
𨹽,10
𨹾,10
𨹿,10
𨺀,10
𨺁,10
𨺂,10
𨺃,10
𨺄,10
𨺅,10
𨺆,10
𨺇,10
𨺈,10
𨺉,10
𨺊,10
𨺋,10
𨺌,10
𨺍,10
𨺎,10
𨺏,10
𨺐,10
𨺑,10
𨺒,10
𨺓,10
𨺔,10
𨺕,10
𨺖,10
𨺗,10
𨺘,10
𨺙,10
𨺚,10
𨺛,10
𨺜,10
𨺝,10
𨾅,10
𨾆,10
𨾇,10
𩁷,10
𩁸,10
𩇦,10
𩇧,10
𩇨,10
𩚄,10
𩚅,10
𩚆,10
𩠄,10
𩠅,10
𩠇,10
𩠺,10
𩡧,10
𩧷,10
𩧸,10
𩧹,10
𩧺,10
𩰊,10
𩰋,10
𪉄,10
𪎈,10
𪡈,10
𪰙,10
𫁡,10
𫄨,10
𫐌,10
𫐓,10
𫗦,10
𫗧,10
𫘣,10
𫘤,10
𫚒,10
𫛢,10
𫞬,10
龨,10
鿄,10
𪜅,10
𪜎,10
𪜏,10
𪜖,10
𪜗,10
𪝃,10
𪝄,10
𪝅,10
𪝆,10
𪝇,10
𪝈,10
𪝉,10
𪝊,10
𪞁,10
𪞇,10
𪞒,10
𪞢,10
𪞣,10
𪞤,10
𪞥,10
𪞳,10
𪞸,10
𪟈,10
𪟉,10
𪟝,10
𪟞,10
𪟟,10
𪟰,10
𪟴,10
𪟿,10
𪠋,10
𪠌,10
𪠍,10
𪠎,10
𪠝,10
𪠫,10
𪠬,10
𪡄,10
𪡅,10
𪡆,10
𪡇,10
𪡉,10
𪡊,10
𪡋,10
𪡌,10
𪡍,10
𪡎,10
𪢫,10
𪣔,10
𪣕,10
𪣖,10
𪣗,10
𪣘,10
𪣙,10
𪣚,10
𪣛,10
𪣜,10
𪣝,10
𪣞,10
𪣟,10
𪣠,10
𪣡,10
𪣢,10
𪣣,10
𪤲,10
𪤺,10
𪥐,10
𪥑,10
𪥒,10
𪥶,10
𪥷,10
𪥸,10
𪥹,10
𪥺,10
𪧍,10
𪧎,10
𪧏,10
𪧐,10
𪨁,10
𪨂,10
𪨏,10
𪨐,10
𪨵,10
𪨶,10
𪨷,10
𪨸,10
𪨹,10
𪨺,10
𪩳,10
𪪒,10
𪪓,10
𪪔,10
𪪕,10
𪪖,10
𪪗,10
𪪰,10
𪪵,10
𪪾,10
𪫈,10
𪫍,10
𪫎,10
𪫵,10
𪫶,10
𪫷,10
𪫸,10
𪫹,10
𪫺,10
𪫻,10
𪫼,10
𪫽,10
𪫾,10
𪭍,10
𪭎,10
𪭴,10
𪭵,10
𪭶,10
𪭷,10
𪭸,10
𪭹,10
𪭺,10
𪭻,10
𪭼,10
𪭽,10
𪭾,10
𪭿,10
𪮀,10
𪯋,10
𪯌,10
𪯤,10
𪯬,10
𪯵,10
𪯶,10
𪯷,10
𪰚,10
𪰛,10
𪰜,10
𪰝,10
𪰞,10
𪰟,10
𪰠,10
𪰡,10
𪰢,10
𪰣,10
𪰤,10
𪱞,10
𪲃,10
𪲄,10
𪲅,10
𪲆,10
𪲇,10
𪲈,10
𪲉,10
𪲊,10
𪲋,10
𪲌,10
𪲍,10
𪲎,10
𪲏,10
𪴶,10
𪵂,10
𪵃,10
𪵈,10
𪵉,10
𪵛,10
𪵜,10
𪵾,10
𪵿,10
𪶀,10
𪶁,10
𪶂,10
𪶃,10
𪶄,10
𪶅,10
𪶆,10
𪶇,10
𪶈,10
𪶉,10
𪶊,10
𪶋,10
𪸣,10
𪸤,10
𪸥,10
𪸦,10
𪸧,10
𪸨,10
𪸩,10
𪸪,10
𪺛,10
𪺢,10
𪺬,10
𪺭,10
𪺮,10
𪺼,10
𪺽,10
𪻗,10
𪻘,10
𪻙,10
𪻚,10
𪻛,10
𪻜,10
𪻝,10
𪻞,10
𪻟,10
𪼹,10
𪽍,10
𪽎,10
𪽏,10
𪽐,10
𪽬,10
𪽭,10
𪽮,10
𪽽,10
𪾌,10
𪾍,10
𪾤,10
𪾥,10
𪾦,10
𪾧,10
𪿔,10
𪿕,10
𪿖,10
𪿗,10
𪿘,10
𫀇,10
𫀈,10
𫀉,10
𫀊,10
𫀪,10
𫀫,10
𫀬,10
𫀭,10
𫁋,10
𫁠,10
𫁲,10
𫁳,10
𫁴,10
𫁵,10
𫁶,10
𫁷,10
𫂵,10
𫂶,10
𫂷,10
𫃞,10
𫄤,10
𫄥,10
𫄦,10
𫄧,10
𫄩,10
𫅂,10
𫅣,10
𫅳,10
𫅴,10
𫆁,10
𫆝,10
𫆞,10
𫇅,10
𫇶,10
𫇷,10
𫇸,10
𫇹,10
𫇺,10
𫇻,10
𫇼,10
𫇽,10
𫇾,10
𫊟,10
𫊧,10
𫊨,10
𫊩,10
𫊪,10
𫊫,10
𫋪,10
𫋵,10
𫋶,10
𫋷,10
𫌜,10
𫌪,10
𫌲,10
𫌳,10
𫍫,10
𫍬,10
𫍭,10
𫍮,10
𫎊,10
𫎏,10
𫎐,10
𫎑,10
𫏀,10
𫏲,10
𫐋,10
𫐦,10
𫐧,10
𫐨,10
𫐩,10
𫐪,10
𫑠,10
𫑡,10
𫑢,10
𫑳,10
𫓬,10
𫓭,10
𫓮,10
𫔲,10
𫔳,10
𫕄,10
𫕅,10
𫕝,10
𫖌,10
𫖒,10
𫖫,10
𫗨,10
𫘢,10
𫛟,10
𫛠,10
𫛡,10
𫛣,10
𫛤,10
𫝉,10
𫝖,10
𫝗,10
𫝤,10
𫝩,10
𫝪,10
𫝫,10
𫝵,10
𫞄,10
𫞅,10
𫞉,10
𫞊,10
𫞗,10
𫞟,10
𫞦,10
𫞮,10
𫞲,10
𫞴,10
𫟄,10
𫟎,10
𫟠,10
𫟡,10
𫟬,10
𫟶,10
𫟷,10
𫠆,10
𫠉,10
得,11
着,11
理,11
第,11
情,11
常,11
教,11
做,11
接,11
基,11
眼,11
象,11
据,11
望,11
领,11
清,11
深,11
商,11
断,11
随,11
推,11
维,11
营,11
够,11
章,11
族,11
续,11
黄,11
密,11
船,11
脸,11
职,11
率,11
球,11
弹,11
假,11
晚,11
惊,11
排,11
停,11
略,11
竟,11
您,11
检,11
银,11
副,11
著,11
控,11
脚,11
敢,11
野,11
域,11
掉,11
减,11
梦,11
渐,11
救,11
毫,11
移,11
康,11
票,11
探,11
婚,11
脱,11
谓,11
勒,11
授,11
堂,11
谋,11
雪,11
馆,11
隐,11
欲,11
萨,11
盘,11
盖,11
虚,11
绿,11
唯,11
麻,11
售,11
混,11
盛,11
措,11
培,11
猛,11
梅,11
彩,11
啦,11
距,11
偏,11
符,11
袭,11
曼,11
惯,11
描,11
患,11
唱,11
菜,11
偷,11
淡,11
袋,11
累,11
偿,11
婆,11
偶,11
圈,11
堆,11
辆,11
旋,11
蛋,11
晨,11
骑,11
隆,11
绪,11
粗,11
梁,11
菲,11
综,11
悉,11
敏,11
液,11
崇,11
惜,11
掩,11
跃,11
惨,11
绩,11
颇,11
曹,11
逻,11
猜,11
兽,11
寄,11
惧,11
盗,11
械,11
梯,11
猫,11
猎,11
蛇,11
粒,11
菌,11
寂,11
宿,11
猪,11
渔,11
铜,11
祭,11
斜,11
捷,11
惟,11
添,11
掠,11
祸,11
悬,11
萧,11
鸿,11
笼,11
聊,11
痕,11
睁,11
绳,11
乾,11
甜,11
辅,11
悠,11
鹿,11
铭,11
盒,11
廊,11
啥,11
婴,11
颈,11
尉,11
庸,11
淋,11
屠,11
脖,11
崩,11
萍,11
绵,11
渊,11
凑,11
阐,11
谎,11
菩,11
萄,11
掘,11
逮,11
掏,11
剪,11
粘,11
崖,11
堵,11
淮,11
淫,11
巢,11
啸,11
硕,11
躯,11
渠,11
戚,11
舶,11
笨,11
啡,11
衔,11
涵,11
雀,11
逸,11
窑,11
捧,11
爽,11
谍,11
彪,11
桶,11
谐,11
凰,11
厢,11
掀,11
谜,11
阎,11
匙,11
祷,11
娶,11
淘,11
菊,11
兜,11
渗,11
焉,11
崔,11
笛,11
寇,11
谕,11
淹,11
勘,11
涯,11
掷,11
绸,11
淑,11
痒,11
堕,11
梭,11
鸽,11
奢,11
梳,11
晤,11
彬,11
惕,11
萝,11
崎,11
萎,11
焕,11
梢,11
婉,11
菱,11
啪,11
隋,11
琐,11
啤,11
聋,11
萌,11
矫,11
梗,11
敛,11
绰,11
惭,11
鄂,11
眯,11
颅,11
琉,11
悼,11
眷,11
婶,11
绷,11
淌,11
缀,11
梨,11
庶,11
脯,11
庵,11
盔,11
崭,11
唾,11
谏,11
铲,11
崛,11
晦,11
婢,11
徘,11
舵,11
秽,11
赦,11
舷,11
婪,11
绽,11
衅,11
淳,11
铮,11
淀,11
唬,11
趾,11
犁,11
龚,11
眶,11
焘,11
铝,11
窒,11
敝,11
绫,11
淆,11
梵,11
笠,11
菇,11
惚,11
豚,11
掺,11
猝,11
菁,11
跄,11
硅,11
谛,11
啃,11
眺,11
袱,11
梧,11
酝,11
眸,11
渎,11
隅,11
谒,11
猖,11
徙,11
翎,11
堑,11
寅,11
惘,11
敕,11
萤,11
埠,11
帷,11
啄,11
冕,11
烹,11
掳,11
捻,11
悴,11
捶,11
掐,11
匾,11
萃,11
辄,11
悸,11
绮,11
孰,11
娼,11
淤,11
琅,11
铢,11
彗,11
惋,11
惮,11
痊,11
谚,11
淄,11
偎,11
谑,11
悻,11
啧,11
偕,11
翌,11
匮,11
笺,11
梓,11
惦,11
铐,11
馅,11
痔,11
聆,11
渍,11
逵,11
蛊,11
阉,11
琏,11
捺,11
秸,11
啬,11
羚,11
绯,11
掖,11
涸,11
笙,11
萦,11
鸾,11
恿,11
扈,11
谙,11
猓,11
傀,11
皑,11
唷,11
淖,11
婵,11
惬,11
蛀,11
疵,11
烽,11
啜,11
淇,11
龛,11
掂,11
淞,11
惆,11
焊,11
绶,11
裆,11
蚯,11
赈,11
袤,11
谌,11
偃,11
淙,11
喏,11
厩,11
铬,11
酗,11
旌,11
婊,11
啵,11
蛆,11
過,11
匐,11
烯,11
偈,11
铠,11
隍,11
谔,11
皎,11
捱,11
谝,11
烷,11
酚,11
掬,11
啮,11
掸,11
蚱,11
啕,11
蛎,11
翊,11
铛,11
谗,11
涿,11
殓,11
唰,11
掇,11
绺,11
谘,11
铡,11
戛,11
赊,11
斛,11
涮,11
绾,11
菠,11
喵,11
陽,11
蛉,11
啷,11
視,11
偻,11
谖,11
埽,11
笞,11
殒,11
绻,11
淦,11
啐,11
淅,11
馗,11
铰,11
馄,11
粕,11
梏,11
趺,11
笥,11
晗,11
猕,11
窕,11
铩,11
阈,11
铤,11
铨,11
帼,11
啶,11
铣,11
铱,11
畦,11
渌,11
袈,11
硒,11
硎,11
渚,11
阋,11
焓,11
菏,11
舸,11
婕,11
淬,11
隗,11
笤,11
勖,11
蚴,11
砦,11
崆,11
庾,11
掮,11
啭,11
崧,11
棂,11
蛄,11
旎,11
涫,11
羟,11
淝,11
铵,11
阏,11
崮,11
舂,11
萸,11
菸,11
厣,11
绱,11
逶,11
鸹,11
菟,11
掼,11
焖,11
笳,11
菖,11
挲,11
笪,11
菅,11
涪,11
阌,11
笾,11
骓,11
菬,11
氪,11
阍,11
堋,11
笮,11
缁,11
舻,11
菀,11
袷,11
笸,11
鸷,11
堀,11
進,11
揶,11
脲,11
處,11
痍,11
硐,11
笱,11
匏,11
掴,11
赧,11
啖,11
細,11
術,11
铧,11
馃,11
硗,11
啁,11
硌,11
菔,11
聃,11
鄄,11
菹,11
徜,11
渑,11
菽,11
萘,11
啉,11
焐,11
绲,11
唳,11
粜,11
蛏,11
蚶,11
粝,11
萋,11
裉,11
堇,11
婧,11
脘,11
唿,11
郾,11
麸,11
偾,11
眦,11
铳,11
崞,11
萑,11
袼,11
瓠,11
蚰,11
捩,11
猗,11
硖,11
逯,11
偬,11
悱,11
捭,11
崤,11
組,11
铯,11
庹,11
渖,11
猊,11
阊,11
铒,11
逭,11
筇,11
鸺,11
菘,11
軟,11
豉,11
铑,11
硭,11
殍,11
猡,11
硇,11
紹,11
赉,11
䜣,11
鸸,11
皲,11
習,11
閉,11
菪,11
菰,11
悫,11
晡,11
桴,11
崦,11
菡,11
欷,11
趼,11
缍,11
耜,11
蚵,11
猞,11
舳,11
桫,11
桷,11
袴,11
骐,11
舴,11
萁,11
規,11
淠,11
羝,11
骖,11
黒,11
萆,11
設,11
铙,11
眾,11
鸻,11
脫,11
蚺,11
貪,11
郿,11
觋,11
阇,11
階,11
胬,11
許,11
隈,11
菝,11
铖,11
牾,11
圉,11
菥,11
萏,11
铗,11
帻,11
惝,11
萜,11
週,11
酞,11
铦,11
責,11
掊,11
铟,11
雩,11
菧,11
埝,11
硏,11
聍,11
铷,11
麥,11
秾,11
埸,11
铫,11
埤,11
脞,11
埯,11
谞,11
販,11
铕,11
脬,11
埴,11
終,11
铪,11
隊,11
龁,11
堍,11
硃,11
絁,11
趽,11
紬,11
訢,11
铓,11
埭,11
唼,11
缽,11
脮,11
菑,11
铚,11
笰,11
絅,11
罣,11
貧,11
赇,11
釤,11
铏,11
骕,11
眭,11
粚,11
裈,11
鄉,11
酖,11
頂,11
魚,11
唪,11
庳,11
眰,11
眳,11
硚,11
笟,11
笹,11
莾,11
衒,11
隃,11
眵,11
秵,11
绹,11
舲,11
菍,11
菢,11
袠,11
頃,11
鱾,11
粣,11
脭,11
菉,11
菵,11
觖,11
铥,11
䌷,11
掎,11
痖,11
眥,11
笭,11
紮,11
絃,11
翉,11
脦,11
菴,11
袞,11
貨,11
跂,11
隄,11
硙,11
秱,11
窔,11
笧,11
紩,11
脧,11
菂,11
菒,11
裀,11
訛,11
訪,11
铔,11
铞,11
隂,11
骒,11
掭,11
眹,11
祦,11
秲,11
笗,11
紵,11
翐,11
耈,11
脙,11
脛,11
脝,11
脰,11
脶,11
脷,11
艴,11
莿,11
菆,11
菫,11
萊,11
萗,11
袌,11
袵,11
袿,11
訝,11
軙,11
軠,11
軡,11
転,11
圊,11
牿,11
盕,11
硈,11
祲,11
秶,11
秹,11
稆,11
笣,11
粓,11
粛,11
翑,11
脜,11
脨,11
脵,11
菕,11
菭,11
萵,11
虖,11
虗,11
虙,11
覐,11
覓,11
訟,11
訣,11
貫,11
軛,11
釣,11
釱,11
鸼,11
盓,11
眮,11
眲,11
硂,11
硄,11
硊,11
硟,11
碀,11
祰,11
祳,11
祶,11
秳,11
秺,11
秼,11
笜,11
笲,11
粖,11
紭,11
紳,11
紺,11
紻,11
紾,11
絆,11
羕,11
羜,11
翈,11
脕,11
脗,11
脟,11
脣,11
脳,11
菄,11
菓,11
菙,11
菚,11
菞,11
菣,11
菨,11
菳,11
萈,11
萚,11
萢,11
蒁,11
虘,11
蚾,11
蚿,11
袬,11
袽,11
訜,11
訞,11
訡,11
訮,11
谻,11
貦,11
貮,11
赹,11
赽,11
趹,11
跁,11
躭,11
軘,11
軣,11
逷,11
邫,11
釥,11
釦,11
釪,11
釭,11
陻,11
飥,11
飦,11
骔,11
骩,11
㐡,11
㐢,11
㐣,11
㑤,11
㑮,11
㑯,11
㑰,11
㑱,11
㑲,11
㒮,11
㒻,11
㒼,11
㓓,11
㓘,11
㓱,11
㓲,11
㓳,11
㓴,11
㓵,11
㓶,11
㔠,11
㔨,11
㔭,11
㔱,11
㕗,11
㕘,11
㖟,11
㖠,11
㖡,11
㖢,11
㖣,11
㖤,11
㖥,11
㖦,11
㖧,11
㖨,11
㖩,11
㖪,11
㖫,11
㖬,11
㖭,11
㖮,11
㖯,11
㖰,11
㖱,11
㖲,11
㖳,11
㖴,11
㖵,11
㙇,11
㙈,11
㙉,11
㙊,11
㙋,11
㙌,11
㙍,11
㚜,11
㚝,11
㚞,11
㛥,11
㛦,11
㛧,11
㛨,11
㛩,11
㛪,11
㛫,11
㛬,11
㛭,11
㝛,11
㝜,11
㝝,11
㝞,11
㝟,11
㝠,11
㝡,11
㞃,11
㞄,11
㞅,11
㞆,11
㞘,11
㞙,11
㟗,11
㟘,11
㟙,11
㟚,11
㟛,11
㟜,11
㟝,11
㟞,11
㟟,11
㟠,11
㟡,11
㟢,11
㟣,11
㟤,11
㟥,11
㠱,11
㡉,11
㡊,11
㡋,11
㡌,11
㡍,11
㡎,11
㢈,11
㢉,11
㢊,11
㢋,11
㢌,11
㢺,11
㢻,11
㢼,11
㣎,11
㣤,11
㣥,11
㣦,11
㣧,11
㣨,11
㣩,11
㤮,11
㤰,11
㤲,11
㤵,11
㤻,11
㤾,11
㤿,11
㥀,11
㥂,11
㥃,11
㥄,11
㥅,11
㥆,11
㥇,11
㥉,11
㥊,11
㥌,11
㥍,11
㥏,11
㥒,11
㥓,11
㥔,11
㥗,11
㥘,11
㥙,11
㦷,11
㧳,11
㧹,11
㧺,11
㧻,11
㧼,11
㧽,11
㧾,11
㧿,11
㨀,11
㨁,11
㨂,11
㨃,11
㨄,11
㨅,11
㨆,11
㨈,11
㩽,11
㪊,11
㪋,11
㪌,11
㪍,11
㪎,11
㪷,11
㫊,11
㫋,11
㫌,11
㫯,11
㫰,11
㫱,11
㫲,11
㫳,11
㫴,11
㬶,11
㬷,11
㭨,11
㭩,11
㭪,11
㭫,11
㭬,11
㭭,11
㭮,11
㭯,11
㭰,11
㭱,11
㭲,11
㭳,11
㭴,11
㭵,11
㭷,11
㰮,11
㰯,11
㰰,11
㰱,11
㱢,11
㱣,11
㲀,11
㲔,11
㲕,11
㲖,11
㲗,11
㲘,11
㲙,11
㲚,11
㲵,11
㳟,11
㳫,11
㳴,11
㳵,11
㳶,11
㳷,11
㳸,11
㳹,11
㳺,11
㳻,11
㳽,11
㳾,11
㳿,11
㴀,11
㴁,11
㴂,11
㴃,11
㴄,11
㴆,11
㴈,11
㴉,11
㴊,11
㴋,11
㴌,11
㴍,11
㴎,11
㶹,11
㶺,11
㶻,11
㶼,11
㶽,11
㶾,11
㶿,11
㷀,11
㷁,11
㸔,11
㸘,11
㸹,11
㸺,11
㸻,11
㸼,11
㸽,11
㸾,11
㸿,11
㹀,11
㹹,11
㹺,11
㹻,11
㹼,11
㹽,11
㹾,11
㹿,11
㺀,11
㻉,11
㻊,11
㻋,11
㻌,11
㻍,11
㻎,11
㻏,11
㻐,11
㼍,11
㼎,11
㼡,11
㼢,11
㼣,11
㼤,11
㼥,11
㼦,11
㽝,11
㽞,11
㾊,11
㾋,11
㾌,11
㾍,11
㾎,11
㾏,11
㾐,11
㾑,11
㾒,11
㿠,11
㿡,11
㿯,11
㿰,11
䀁,11
䀂,11
䀧,11
䀨,11
䀩,11
䀪,11
䀫,11
䀬,11
䀭,11
䀮,11
䂈,11
䂒,11
䂩,11
䂪,11
䂫,11
䂬,11
䂭,11
䂮,11
䂯,11
䄄,11
䄅,11
䄆,11
䄺,11
䄻,11
䄼,11
䄽,11
䄾,11
䄿,11
䅀,11
䅁,11
䅂,11
䅃,11
䅄,11
䅅,11
䅆,11
䅇,11
䅈,11
䅉,11
䅊,11
䆚,11
䆛,11
䆜,11
䆝,11
䆞,11
䆟,11
䆠,11
䇋,11
䇞,11
䇟,11
䇠,11
䇡,11
䇢,11
䇣,11
䇤,11
䇥,11
䇦,11
䉽,11
䉾,11
䉿,11
䊀,11
䋈,11
䋉,11
䋊,11
䋋,11
䋌,11
䋍,11
䋎,11
䋏,11
䋐,11
䋑,11
䋒,11
䋓,11
䋔,11
䌹,11
䍄,11
䍅,11
䍆,11
䍇,11
䍈,11
䍉,11
䍘,11
䍪,11
䍫,11
䍬,11
䍭,11
䎀,11
䎁,11
䎂,11
䎃,11
䎄,11
䎅,11
䎆,11
䎣,11
䎵,11
䎶,11
䏯,11
䏰,11
䏱,11
䏲,11
䏳,11
䏴,11
䏵,11
䏶,11
䏷,11
䏸,11
䏹,11
䏺,11
䏻,11
䑐,11
䑕,11
䑛,11
䑦,11
䑧,11
䑨,11
䑩,11
䒋,11
䒦,11
䒧,11
䒨,11
䒩,11
䒪,11
䒫,11
䒬,11
䒭,11
䒮,11
䒯,11
䖎,11
䖏,11
䖤,11
䖥,11
䖦,11
䖧,11
䖨,11
䖩,11
䖪,11
䖫,11
䖬,11
䘑,11
䘢,11
䘣,11
䘤,11
䘥,11
䘦,11
䘧,11
䙴,11
䙹,11
䙺,11
䙻,11
䚗,11
䚳,11
䚴,11
䚵,11
䚶,11
䚷,11
䚸,11
䚹,11
䚺,11
䚻,11
䚼,11
䚽,11
䚾,11
䚿,11
䛀,11
䛁,11
䛂,11
䛃,11
䜴,11
䝆,11
䝇,11
䝖,11
䝗,11
䝘,11
䝙,11
䝧,11
䝨,11
䞙,11
䞚,11
䞛,11
䞜,11
䟗,11
䟘,11
䟙,11
䟚,11
䟛,11
䟜,11
䟝,11
䟞,11
䡆,11
䡇,11
䡈,11
䡉,11
䡊,11
䡋,11
䡌,11
䡍,11
䡎,11
䢁,11
䢙,11
䢚,11
䢛,11
䣊,11
䣋,11
䣌,11
䣍,11
䣎,11
䣏,11
䣩,11
䣪,11
䣫,11
䣬,11
䣭,11
䤚,11
䤜,11
䦇,11
䦌,11
䦍,11
䧐,11
䧑,11
䧒,11
䧓,11
䧔,11
䧕,11
䧖,11
䧲,11
䧳,11
䨋,11
䨽,11
䨾,11
䫸,11
䬢,11
䯆,11
乿,11
亀,11
偁,11
偂,11
偄,11
偅,11
偆,11
偉,11
偊,11
偋,11
偍,11
偐,11
偑,11
偒,11
偓,11
偔,11
偗,11
偘,11
偙,11
偛,11
偝,11
偞,11
偟,11
偠,11
偡,11
偢,11
偣,11
偤,11
偦,11
偧,11
偩,11
偪,11
偫,11
偭,11
偮,11
偯,11
偰,11
偱,11
偲,11
偳,11
側,11
偵,11
偸,11
偹,11
偺,11
偼,11
偽,11
傁,11
傇,11
傞,11
傦,11
兝,11
兞,11
冨,11
凐,11
剨,11
剫,11
剬,11
剭,11
剰,11
剱,11
剳,11
剶,11
勓,11
勔,11
動,11
勗,11
勚,11
匒,11
匓,11
匘,11
匬,11
匭,11
區,11
卙,11
卾,11
厠,11
厡,11
參,11
叄,11
唩,11
唫,11
唭,11
唲,11
唵,11
唶,11
唸,11
唹,11
唺,11
唻,11
唽,11
啀,11
啂,11
啅,11
啇,11
啈,11
啋,11
啌,11
啍,11
啎,11
問,11
啑,11
啒,11
啓,11
啔,11
啗,11
啘,11
啚,11
啛,11
啝,11
啞,11
啟,11
啠,11
啢,11
啨,11
啩,11
啫,11
啯,11
啰,11
啱,11
啲,11
啳,11
啴,11
啹,11
喎,11
喐,11
喯,11
営,11
圇,11
國,11
埜,11
埞,11
埡,11
埢,11
埣,11
埥,11
埦,11
埧,11
埨,11
埪,11
埫,11
埬,11
埮,11
埰,11
埱,11
埲,11
埳,11
埵,11
埶,11
執,11
埻,11
埼,11
埾,11
埿,11
堁,11
堃,11
堄,11
堅,11
堈,11
堉,11
堊,11
堌,11
堎,11
堏,11
堐,11
堒,11
堓,11
堔,11
堝,11
壷,11
壸,11
夠,11
奛,11
奜,11
奝,11
奞,11
奟,11
娬,11
娵,11
娷,11
娸,11
娹,11
娺,11
娻,11
娽,11
娾,11
婁,11
婂,11
婃,11
婄,11
婅,11
婇,11
婈,11
婋,11
婌,11
婍,11
婎,11
婏,11
婐,11
婑,11
婒,11
婓,11
婔,11
婖,11
婗,11
婘,11
婛,11
婜,11
婝,11
婞,11
婟,11
婠,11
婡,11
婤,11
婥,11
婦,11
婨,11
婩,11
婫,11
婬,11
婭,11
婮,11
婯,11
婰,11
婱,11
婳,11
婼,11
媌,11
媎,11
媖,11
媧,11
嫏,11
孮,11
孯,11
孲,11
寀,11
寁,11
寃,11
寈,11
寉,11
將,11
專,11
屚,11
屛,11
屜,11
屝,11
崈,11
崉,11
崊,11
崌,11
崍,11
崏,11
崐,11
崑,11
崒,11
崓,11
崕,11
崗,11
崘,11
崙,11
崚,11
崜,11
崝,11
崟,11
崠,11
崡,11
崢,11
崣,11
崥,11
崨,11
崪,11
崫,11
崬,11
崯,11
崰,11
巣,11
帲,11
帳,11
帴,11
帵,11
帶,11
帹,11
帺,11
帾,11
庱,11
庲,11
庴,11
庺,11
庻,11
庼,11
庿,11
弴,11
張,11
弶,11
強,11
弸,11
彫,11
徖,11
徛,11
徝,11
從,11
徟,11
徠,11
徢,11
徣,11
徤,11
悆,11
悊,11
悐,11
悘,11
悡,11
悤,11
悥,11
悪,11
悰,11
悵,11
悷,11
悺,11
悽,11
悾,11
悿,11
惀,11
惂,11
惃,11
惇,11
惈,11
惍,11
惏,11
惐,11
惓,11
惔,11
惗,11
惙,11
惛,11
惞,11
惤,11
愥,11
戜,11
戝,11
捥,11
捦,11
捨,11
捪,11
捫,11
捬,11
捯,11
捰,11
捲,11
捳,11
捴,11
捵,11
捸,11
捹,11
捼,11
捽,11
捾,11
捿,11
掁,11
掃,11
掄,11
掅,11
掆,11
掋,11
掍,11
掑,11
掓,11
掕,11
掗,11
掙,11
掚,11
掛,11
掜,11
掝,11
掞,11
掟,11
採,11
掤,11
掦,11
掫,11
掯,11
掲,11
掵,11
掶,11
掹,11
掻,11
掽,11
掿,11
揵,11
敍,11
敎,11
敐,11
敒,11
敓,11
敔,11
敗,11
敘,11
敚,11
斍,11
斎,11
斏,11
斬,11
旇,11
旈,11
旉,11
旍,11
旣,11
晘,11
晙,11
晛,11
晜,11
晝,11
晞,11
晢,11
晣,11
晥,11
晧,11
曽,11
朖,11
朘,11
朙,11
朚,11
桬,11
桭,11
桮,11
桯,11
桰,11
桱,11
桲,11
桳,11
桵,11
桸,11
桹,11
桺,11
桻,11
桼,11
桽,11
桾,11
桿,11
梀,11
梂,11
梄,11
梇,11
梈,11
梉,11
梊,11
梋,11
梌,11
梍,11
梎,11
梐,11
梑,11
梒,11
梔,11
梕,11
梖,11
梘,11
梙,11
梚,11
梜,11
梞,11
梟,11
梡,11
梣,11
梤,11
梥,11
梩,11
梪,11
梫,11
梬,11
梮,11
梱,11
梲,11
梶,11
梷,11
梸,11
梹,11
梺,11
梻,11
梼,11
梽,11
梾,11
梿,11
棁,11
棻,11
椘,11
椛,11
楖,11
欫,11
欳,11
欵,11
欶,11
欸,11
殌,11
殎,11
殏,11
殐,11
殑,11
殸,11
殹,11
殻,11
毬,11
毭,11
毮,11
氫,11
涬,11
涭,11
涰,11
涱,11
涳,11
涴,11
涶,11
涷,11
涹,11
涺,11
涻,11
涼,11
涽,11
涾,11
淁,11
淂,11
淃,11
淈,11
淉,11
淊,11
淍,11
淎,11
淏,11
淐,11
淒,11
淔,11
淕,11
淗,11
淚,11
淛,11
淜,11
淟,11
淢,11
淣,11
淥,11
淧,11
淨,11
淩,11
淪,11
淭,11
淯,11
淰,11
淲,11
淴,11
淶,11
淸,11
淺,11
淿,11
渀,11
渁,11
渂,11
渃,11
渄,11
渆,11
渇,11
済,11
渉,11
渋,11
渏,11
渒,11
渓,11
渕,11
渦,11
渮,11
渵,11
渶,11
湕,11
湴,11
烰,11
烱,11
烲,11
烳,11
烴,11
烸,11
烺,11
烼,11
烾,11
烿,11
焀,11
焁,11
焂,11
焃,11
焄,11
焅,11
焆,11
焇,11
焈,11
焋,11
焌,11
焍,11
焎,11
焏,11
焑,11
焔,11
焗,11
焫,11
牻,11
牼,11
牽,11
猄,11
猅,11
猇,11
猈,11
猉,11
猍,11
猏,11
猑,11
猔,11
猘,11
猙,11
猚,11
猟,11
猠,11
猧,11
玈,11
珳,11
珴,11
珵,11
珶,11
珸,11
珺,11
珻,11
珼,11
現,11
珿,11
琀,11
琁,11
琂,11
琄,11
琇,11
琈,11
琋,11
琌,11
琍,11
琎,11
琑,11
琒,11
琓,11
琷,11
瓸,11
瓹,11
瓺,11
瓻,11
瓼,11
甛,11
產,11
産,11
畡,11
畣,11
畤,11
畧,11
畨,11
畩,11
異,11
痋,11
痌,11
痎,11
痏,11
痐,11
痑,11
痓,11
皉,11
皏,11
皐,11
眱,11
眴,11
眻,11
眽,11
矪,11
硆,11
硉,11
硋,11
硍,11
硑,11
硓,11
硔,11
硘,11
硛,11
祡,11
祱,11
祴,11
祵,11
禼,11
秴,11
秷,11
窏,11
窐,11
窓,11
窚,11
竡,11
竫,11
笘,11
笚,11
笝,11
笡,11
笢,11
笩,11
笯,11
笴,11
笵,11
笶,11
笷,11
笻,11
笽,11
粙,11
紨,11
紱,11
紲,11
紴,11
紶,11
紷,11
紸,11
紼,11
紽,11
紿,11
絀,11
絇,11
絈,11
絉,11
絊,11
絋,11
経,11
绬,11
羛,11
翇,11
翋,11
翍,11
翏,11
耚,11
耛,11
耝,11
耞,11
聄,11
聅,11
聇,11
聈,11
聉,11
脢,11
脤,11
脥,11
脪,11
脴,11
舑,11
舺,11
菈,11
菋,11
菎,11
菗,11
菛,11
菤,11
菮,11
菶,11
菷,11
菺,11
菻,11
菼,11
菾,11
菿,11
萀,11
萂,11
萅,11
萇,11
萉,11
萐,11
萒,11
萓,11
萔,11
萕,11
萖,11
萙,11
萛,11
萞,11
萟,11
萠,11
萡,11
萣,11
蓈,11
蚫,11
蚭,11
蚮,11
蚲,11
蚳,11
蚸,11
蚹,11
蚻,11
蚼,11
蚽,11
蛁,11
蛂,11
蛃,11
蛅,11
蛈,11
蛌,11
蛍,11
衑,11
袰,11
袳,11
袶,11
袸,11
袹,11
袺,11
袻,11
袾,11
裃,11
裄,11
覑,11
覒,11
覔,11
觕,11
觗,11
觘,11
訠,11
訤,11
訥,11
訦,11
訧,11
訨,11
訩,11
訫,11
訬,11
訰,11
訲,11
訳,11
詎,11
谹,11
谺,11
豘,11
豙,11
豛,11
豜,11
豝,11
豼,11
豽,11
貥,11
貭,11
貶,11
赥,11
赺,11
赻,11
赼,11
赾,11
赿,11
趀,11
趻,11
跀,11
躮,11
軖,11
軗,11
軚,11
軜,11
軝,11
軞,11
逨,11
逩,11
逪,11
逫,11
逬,11
逰,11
逳,11
逴,11
逹,11
逺,11
逽,11
郹,11
郻,11
郼,11
鄁,11
鄃,11
鄅,11
鄆,11
鄇,11
鄈,11
鄊,11
鄋,11
酓,11
酔,11
酕,11
酘,11
酙,11
酛,11
酜,11
釈,11
釧,11
釨,11
釩,11
釫,11
釬,11
釮,11
釯,11
釰,11
釲,11
釳,11
釴,11
釵,11
釶,11
釷,11
釸,11
釹,11
釺,11
釻,11
釼,11
鈒,11
铘,11
铴,11
镺,11
閆,11
閇,11
閈,11
閊,11
陾,11
陿,11
隀,11
隁,11
隇,11
隉,11
隌,11
隿,11
雫,11
雭,11
靪,11
頄,11
飡,11
髙,11
鳥,11
鹵,11
鹿,11
淚,11
累,11
勒,11
陵,11
率,11
參,11
殺,11
若,11
掠,11
略,11
梁,11
連,11
捻,11
羚,11
聆,11
惡,11
琉,11
陸,11
崙,11
淪,11
率,11
梨,11
理,11
匿,11
淋,11
笠,11
粒,11
猪,11
祥,11
﨡,11
﨣,11
𠁁,11
𠁂,11
𠁃,11
𠁄,11
𠁅,11
𠁳,11
𠂿,11
𠃀,11
𠃁,11
𠃂,11
𠃼,11
𠃽,11
𠃾,11
𠃿,11
𠄀,11
𠄁,11
𠄂,11
𠄚,11
𠄹,11
𠄺,11
𠅞,11
𠅟,11
𠅠,11
𠅡,11
𠅢,11
𠅣,11
𠅤,11
𠅥,11
𠅦,11
𠅧,11
𠊧,11
𠊨,11
𠊩,11
𠊪,11
𠊫,11
𠊬,11
𠊭,11
𠊮,11
𠊯,11
𠊰,11
𠊱,11
𠊲,11
𠊳,11
𠊴,11
𠊵,11
𠊶,11
𠊷,11
𠊸,11
𠊹,11
𠊺,11
𠊻,11
𠊼,11
𠊽,11
𠊾,11
𠊿,11
𠋀,11
𠋁,11
𠋂,11
𠋃,11
𠋄,11
𠋅,11
𠋆,11
𠋇,11
𠋈,11
𠋉,11
𠋊,11
𠋋,11
𠋌,11
𠋍,11
𠋎,11
𠋏,11
𠋐,11
𠋒,11
𠋓,11
𠋔,11
𠋕,11
𠋖,11
𠋗,11
𠋘,11
𠋙,11
𠋚,11
𠋛,11
𠋜,11
𠋝,11
𠋞,11
𠋠,11
𠋡,11
𠋢,11
𠋣,11
𠋤,11
𠋥,11
𠋦,11
𠋧,11
𠋨,11
𠋩,11
𠋪,11
𠋫,11
𠋬,11
𠌪,11
𠒗,11
𠒘,11
𠒙,11
𠒚,11
𠒛,11
𠒜,11
𠒝,11
𠓱,11
𠔜,11
𠔝,11
𠕠,11
𠕡,11
𠕢,11
𠖓,11
𠗥,11
𠗦,11
𠗧,11
𠗨,11
𠗩,11
𠗪,11
𠗫,11
𠗬,11
𠗭,11
𠗮,11
𠗯,11
𠗰,11
𠙘,11
𠙙,11
𠙚,11
𠙛,11
𠙜,11
𠙝,11
𠙞,11
𠚔,11
𠚕,11
𠚖,11
𠚗,11
𠝝,11
𠝞,11
𠝟,11
𠝠,11
𠝡,11
𠝢,11
𠝣,11
𠝤,11
𠝥,11
𠝦,11
𠝧,11
𠝨,11
𠝩,11
𠝪,11
𠝫,11
𠝬,11
𠝭,11
𠝮,11
𠝯,11
𠝰,11
𠝱,11
𠝲,11
𠝳,11
𠝴,11
𠝵,11
𠝷,11
𠝸,11
𠝹,11
𠝺,11
𠝻,11
𠝼,11
𠝽,11
𠝾,11
𠡻,11
𠡼,11
𠡽,11
𠡾,11
𠡿,11
𠢀,11
𠢁,11
𠢂,11
𠢃,11
𠢄,11
𠣮,11
𠣯,11
𠣰,11
𠣱,11
𠣲,11
𠣳,11
𠣴,11
𠥎,11
𠥏,11
𠦪,11
𠦫,11
𠦬,11
𠦭,11
𠦮,11
𠦯,11
𠧸,11
𠧺,11
𠧻,11
𠧼,11
𠧽,11
𠧾,11
𠧿,11
𠩸,11
𠩹,11
𠩺,11
𠩻,11
𠩼,11
𠩽,11
𠩾,11
𠪀,11
𠪁,11
𠪂,11
𠪃,11
𠪄,11
𠪅,11
𠪆,11
𠫽,11
𠫾,11
𠭕,11
𠭖,11
𠭗,11
𠭘,11
𠭙,11
𠭚,11
𠭛,11
𠭜,11
𠭝,11
𠭞,11
𠭟,11
𠭠,11
𠭡,11
𠭢,11
𠭣,11
𠭤,11
𠳥,11
𠴧,11
𠴨,11
𠴩,11
𠴪,11
𠴫,11
𠴬,11
𠴭,11
𠴮,11
𠴯,11
𠴰,11
𠴱,11
𠴲,11
𠴳,11
𠴴,11
𠴵,11
𠴶,11
𠴷,11
𠴸,11
𠴹,11
𠴺,11
𠴻,11
𠴼,11
𠴽,11
𠴾,11
𠴿,11
𠵀,11
𠵁,11
𠵂,11
𠵃,11
𠵄,11
𠵅,11
𠵆,11
𠵇,11
𠵈,11
𠵉,11
𠵊,11
𠵋,11
𠵌,11
𠵍,11
𠵎,11
𠵏,11
𠵐,11
𠵑,11
𠵒,11
𠵓,11
𠵔,11
𠵕,11
𠵖,11
𠵗,11
𠵘,11
𠵙,11
𠵚,11
𠵛,11
𠵜,11
𠵝,11
𠵞,11
𠵟,11
𠵠,11
𠵡,11
𠵢,11
𠵣,11
𠵤,11
𠵥,11
𠵦,11
𠵧,11
𠵨,11
𠵩,11
𠵪,11
𠵫,11
𠵬,11
𠵭,11
𠵮,11
𠵯,11
𠵰,11
𠵱,11
𠵲,11
𠵳,11
𠵴,11
𠵵,11
𠵶,11
𠵷,11
𠵸,11
𠵹,11
𠵺,11
𠵻,11
𠵼,11
𠵽,11
𠵾,11
𠵿,11
𠶀,11
𠶁,11
𠶂,11
𠶃,11
𠶄,11
𠶅,11
𠶆,11
𠶇,11
𠶈,11
𠶉,11
𠶊,11
𠶋,11
𠶌,11
𠶍,11
𠶎,11
𠶏,11
𠶐,11
𠶑,11
𠶒,11
𠶓,11
𠶔,11
𠶕,11
𠶖,11
𠶗,11
𠶘,11
𠶙,11
𠶚,11
𠶛,11
𠶜,11
𠶝,11
𠶞,11
𠶟,11
𠶠,11
𠶡,11
𠶢,11
𠶣,11
𠶤,11
𠶥,11
𠶦,11
𠶧,11
𠶨,11
𠶩,11
𠶪,11
𠶫,11
𠶬,11
𠶭,11
𠶮,11
𠶯,11
𠶰,11
𠶱,11
𠶲,11
𠶳,11
𠶴,11
𠶵,11
𠶶,11
𡇰,11
𡇱,11
𡇲,11
𡇳,11
𡇴,11
𡇵,11
𡇶,11
𡇷,11
𡇸,11
𡇹,11
𡇺,11
𡇻,11
𡈀,11
𡌦,11
𡌧,11
𡌨,11
𡌩,11
𡌪,11
𡌫,11
𡌬,11
𡌭,11
𡌮,11
𡌯,11
𡌰,11
𡌱,11
𡌲,11
𡌳,11
𡌴,11
𡌵,11
𡌶,11
𡌷,11
𡌸,11
𡌹,11
𡌺,11
𡌻,11
𡌼,11
𡌽,11
𡌾,11
𡌿,11
𡍀,11
𡍁,11
𡍂,11
𡍃,11
𡍄,11
𡍅,11
𡍆,11
𡍇,11
𡍈,11
𡍉,11
𡍊,11
𡍋,11
𡍌,11
𡍍,11
𡍎,11
𡍏,11
𡍐,11
𡍑,11
𡍒,11
𡍓,11
𡍔,11
𡍕,11
𡍖,11
𡍗,11
𡍘,11
𡍙,11
𡍚,11
𡍛,11
𡍜,11
𡍝,11
𡍞,11
𡍟,11
𡍠,11
𡍡,11
𡍢,11
𡍣,11
𡔪,11
𡔫,11
𡔬,11
𡔭,11
𡕛,11
𡕜,11
𡕧,11
𡕨,11
𡕩,11
𡕪,11
𡕫,11
𡕬,11
𡖝,11
𡖞,11
𡖟,11
𡖠,11
𡖡,11
𡖢,11
𡖣,11
𡖤,11
𡖥,11
𡘴,11
𡘵,11
𡘶,11
𡘷,11
𡘸,11
𡘹,11
𡘺,11
𡘻,11
𡘼,11
𡘽,11
𡘾,11
𡘿,11
𡙀,11
𡙁,11
𡙂,11
𡙃,11
𡙄,11
𡙅,11
𡙆,11
𡝞,11
𡝟,11
𡝠,11
𡝡,11
𡝢,11
𡝣,11
𡝤,11
𡝥,11
𡝦,11
𡝧,11
𡝨,11
𡝩,11
𡝪,11
𡝫,11
𡝬,11
𡝭,11
𡝮,11
𡝯,11
𡝰,11
𡝱,11
𡝲,11
𡝳,11
𡝴,11
𡝵,11
𡝶,11
𡝷,11
𡝸,11
𡝹,11
𡝺,11
𡝻,11
𡝼,11
𡝽,11
𡝾,11
𡝿,11
𡞀,11
𡞁,11
𡞂,11
𡞃,11
𡞄,11
𡞅,11
𡞆,11
𡞇,11
𡞈,11
𡞉,11
𡞊,11
𡞋,11
𡞌,11
𡞍,11
𡞎,11
𡞏,11
𡞐,11
𡞑,11
𡞒,11
𡞓,11
𡞔,11
𡞕,11
𡞖,11
𡞗,11
𡞘,11
𡞙,11
𡞚,11
𡞛,11
𡥮,11
𡥯,11
𡥰,11
𡥱,11
𡥲,11
𡥳,11
𡥴,11
𡥵,11
𡨢,11
𡨣,11
𡨤,11
𡨥,11
𡨦,11
𡨧,11
𡨨,11
𡨩,11
𡨪,11
𡨫,11
𡨬,11
𡨭,11
𡨮,11
𡨯,11
𡨰,11
𡨱,11
𡨲,11
𡨳,11
𡨴,11
𡨵,11
𡨶,11
𡨷,11
𡨸,11
𡨹,11
𡨺,11
𡨻,11
𡨼,11
𡬮,11
